Date,Time (SGT),Li2CO3 Technical Grade Min,Li2CO3 Technical Grade Max,Li2CO3 Technical Grade Avg,Li2CO3 Technical Grade Range,Li2CO3 Battery Grade Min,Li2CO3 Battery Grade Max,Li2CO3 Battery Grade Avg,Li2CO3 Battery Grade Range,LiOH Industrial Grade Min,LiOH Industrial Grade Max,LiOH Industrial Grade Avg,LiOH Industrial Grade Range,LiOH Battery Grade (Coarse) Min,LiOH Battery Grade (Coarse) Max,LiOH Battery Grade (Coarse) Avg,LiOH Battery Grade (Coarse) Range,LiOH Battery Grade (CIF CJK) Min,LiOH Battery Grade (CIF CJK) Max,LiOH Battery Grade (CIF CJK) Avg,LiOH Battery Grade (CIF CJK) Range,LiOH Battery Grade (Micro) Min,LiOH Battery Grade (Micro) Max,LiOH Battery Grade (Micro) Avg,LiOH Battery Grade (Micro) Range,LiOH Battery Grade (SMM Index) Min,LiOH Battery Grade (SMM Index) Max,LiOH Battery Grade (SMM Index) Avg,LiOH Battery Grade (SMM Index) Range,6s pCAM Mono NEV Min,6s pCAM Mono NEV Max,6s pCAM Mono NEV Avg,6s pCAM Mono NEV Range,6s pCAM Poly CE Min,6s pCAM Poly CE Max,6s pCAM Poly CE Avg,6s pCAM Poly CE Range,6s Cathode Mono NEV Min,6s Cathode Mono NEV Max,6s Cathode Mono NEV Avg,6s Cathode Mono NEV Range,6s Cathode Poly CE Min,6s Cathode Poly CE Max,6s Cathode Poly CE Avg,6s Cathode Poly CE Range,6s Prismatic Cell Min,6s Prismatic Cell Max,6s Prismatic Cell Avg,6s Prismatic Cell Range,6s Prismatic Pack Min,6s Prismatic Pack Max,6s Prismatic Pack Avg,6s Prismatic Pack Range,6s Battery Pack Min,6s Battery Pack Max,6s Battery Pack Avg,6s Battery Pack Range,8s pCAM Poly NEV Min,8s pCAM Poly NEV Max,8s pCAM Poly NEV Avg,8s pCAM Poly NEV Range,8s pCAM Poly CE Min,8s pCAM Poly CE Max,8s pCAM Poly CE Avg,8s pCAM Poly CE Range,8s Cathode Poly NEV Min,8s Cathode Poly NEV Max,8s Cathode Poly NEV Avg,8s Cathode Poly NEV Range,8s Cathode Poly CE Min,8s Cathode Poly CE Max,8s Cathode Poly CE Avg,8s Cathode Poly CE Range,8s Battery Cell Min,8s Battery Cell Max,8s Battery Cell Avg,8s Battery Cell Range,8s Battery Pack Min,8s Battery Pack Max,8s Battery Pack Avg,8s Battery Pack Range,5s pCAM Mono NEV Min,5s pCAM Mono NEV Max,5s pCAM Mono NEV Avg,5s pCAM Mono NEV Range,5s pCAM Poly CE Min,5s pCAM Poly CE Max,5s pCAM Poly CE Avg,5s pCAM Poly CE Range,5s Cathode Mono NEV Min,5s Cathode Mono NEV Max,5s Cathode Mono NEV Avg,5s Cathode Mono NEV Range,5s Cathode Poly CE Min,5s Cathode Poly CE Max,5s Cathode Poly CE Avg,5s Cathode Poly CE Range
2025-04-17,13:30,8348.18,8468.91,8408.55,120.73,8474.95,8800.91,8637.92,325.96,7249.58,7913.57,7581.58,663.99,8129.67,8506.33,8318.0,376.66,,,,,8616.19,9257.25,8936.72,641.06,8336.23,8336.23,8336.23,0.0,8713.38,8865.49,8789.44,152.11,8593.26,8741.75,8667.5,148.49,14508.82,15456.51,14982.67,947.69,13032.34,14338.59,13685.47,1306.25,0.058,0.062,0.06,0.0,0.077,0.083,0.08,0.01,2837.05,3078.51,2957.78,241.46,10890.67,11007.77,10949.22,117.1,10709.58,10874.97,10792.28,165.39,17447.28,18002.62,17724.95,555.34,15805.41,16336.6,16071.01,531.19,0.07,0.08,0.08,0.01,2837.05,3138.87,2987.96,301.82,,,,,,,,,,,,,,,,
2025-04-17,16:42,8348.18,8468.91,8408.55,120.73,8474.95,8800.91,8637.92,325.96,7249.58,7913.57,7581.58,663.99,8129.67,8506.33,8318.0,376.66,,,,,8616.19,9257.25,8936.72,641.06,8336.23,8336.23,8336.23,0.0,8713.38,8865.49,8789.44,152.11,8593.26,8741.75,8667.5,148.49,14508.82,15456.51,14982.67,947.69,13032.34,14338.59,13685.47,1306.25,0.058,0.062,0.06,0.0,0.077,0.083,0.08,0.01,2837.05,3078.51,2957.78,241.46,10890.67,11007.77,10949.22,117.1,10709.58,10874.97,10792.28,165.39,17447.28,18002.62,17724.95,555.34,15805.41,16336.6,16071.01,531.19,0.07,0.08,0.08,0.01,2837.05,3138.87,2987.96,301.82,,,,,,,,,,,,,,,,
2025-04-18,16:42,8363.02,8483.96,8423.49,120.94,8477.91,8804.45,8641.18,326.54,7256.41,7921.58,7589.0,665.17,8132.02,8516.61,8324.31,384.59,,,,,8625.46,9267.65,8946.55,642.19,8343.66,8343.66,8343.67,0.0,8728.86,8881.24,8805.05,152.38,8608.52,8757.28,8682.9,148.76,14534.59,15483.97,15009.28,949.38,13055.49,14364.07,13709.78,1308.58,0.058,0.062,0.06,0.0,0.077,0.084,0.08,0.01,2842.09,3083.98,2963.04,241.89,10910.02,11027.33,10968.67,117.31,10728.61,10894.29,10811.45,165.68,17477.07,18033.39,17755.23,556.32,15832.28,16364.42,16098.35,532.14,0.07,0.08,0.08,0.01,2842.09,3144.45,2993.27,302.36,,,,,,,,,,,,,,,,
2025-04-19,16:42,8363.02,8483.96,8423.49,120.94,8477.91,8804.45,8641.18,326.54,7256.41,7921.58,7589.0,665.17,8132.02,8516.61,8324.31,384.59,,,,,8625.46,9267.65,8946.55,642.19,8343.66,8343.66,8343.67,0.0,8728.86,8881.24,8805.05,152.38,8608.52,8757.28,8682.9,148.76,14534.59,15483.97,15009.28,949.38,13055.49,14364.07,13709.78,1308.58,0.058,0.062,0.06,0.0,0.077,0.084,0.08,0.01,2842.09,3083.98,2963.04,241.89,10910.02,11027.33,10968.67,117.31,10728.61,10894.29,10811.45,165.68,17477.07,18033.39,17755.23,556.32,15832.28,16364.42,16098.35,532.14,0.07,0.08,0.08,0.01,2842.09,3144.45,2993.27,302.36,,,,,,,,,,,,,,,,
2025-04-20,10:45,8363.02,8483.96,8423.49,120.94,8477.91,8804.45,8641.18,326.54,7256.41,7921.58,7589.0,665.17,8132.02,8516.61,8324.31,384.59,,,,,8625.46,9267.65,8946.55,642.19,8343.66,8343.66,8343.67,0.0,8728.86,8881.24,8805.05,152.38,8608.52,8757.28,8682.9,148.76,14534.59,15483.97,15009.28,949.38,13055.49,14364.07,13709.78,1308.58,0.058,0.062,0.06,0.0,0.077,0.084,0.08,0.01,2842.09,3083.98,2963.04,241.89,10910.02,11027.33,10968.67,117.31,10728.61,10894.29,10811.45,165.68,17477.07,18033.39,17755.23,556.32,15832.28,16364.42,16098.35,532.14,0.07,0.08,0.08,0.01,2842.09,3144.45,2993.27,302.36,,,,,,,,,,,,,,,,
2025-04-20,11:29,8363.02,8483.96,8423.49,120.94,8477.91,8804.45,8641.18,326.54,7256.41,7921.58,7589.0,665.17,8132.02,8516.61,8324.31,384.59,,,,,8625.46,9267.65,8946.55,642.19,8343.66,8343.66,8343.67,0.0,8728.86,8881.24,8805.05,152.38,8608.52,8757.28,8682.9,148.76,14534.59,15483.97,15009.28,949.38,13055.49,14364.07,13709.78,1308.58,0.058,0.062,0.06,0.0,0.077,0.084,0.08,0.01,2842.09,3083.98,2963.04,241.89,10910.02,11027.33,10968.67,117.31,10728.61,10894.29,10811.45,165.68,17477.07,18033.39,17755.23,556.32,15832.28,16364.42,16098.35,532.14,0.07,0.08,0.08,0.01,2842.09,3144.45,2993.27,302.36,,,,,,,,,,,,,,,,
2025-04-20,12:46,8363.02,8483.96,8423.49,120.94,8477.91,8804.45,8641.18,326.54,7256.41,7921.58,7589.0,665.17,8132.02,8516.61,8324.31,384.59,,,,,8625.46,9267.65,8946.55,642.19,8343.66,8343.66,8343.67,0.0,8728.86,8881.24,8805.05,152.38,8608.52,8757.28,8682.9,148.76,14534.59,15483.97,15009.28,949.38,13055.49,14364.07,13709.78,1308.58,0.058,0.062,0.06,0.0,0.077,0.084,0.08,0.01,2842.09,3083.98,2963.04,241.89,10910.02,11027.33,10968.67,117.31,10728.61,10894.29,10811.45,165.68,17477.07,18033.39,17755.23,556.32,15832.28,16364.42,16098.35,532.14,0.07,0.08,0.08,0.01,2842.09,3144.45,2993.27,302.36,,,,,,,,,,,,,,,,
2025-04-20,14:51,8363.02,8483.96,8423.49,120.94,8477.91,8804.45,8641.18,326.54,7256.41,7921.58,7589.0,665.17,8132.02,8516.61,8324.31,384.59,,,,,8625.46,9267.65,8946.55,642.19,8343.66,8343.66,8343.67,0.0,8728.86,8881.24,8805.05,152.38,8608.52,8757.28,8682.9,148.76,14534.59,15483.97,15009.28,949.38,13055.49,14364.07,13709.78,1308.58,0.058,0.062,0.06,0.0,0.077,0.084,0.08,0.01,2842.09,3083.98,2963.04,241.89,10910.02,11027.33,10968.67,117.31,10728.61,10894.29,10811.45,165.68,17477.07,18033.39,17755.23,556.32,15832.28,16364.42,16098.35,532.14,0.07,0.08,0.08,0.01,2842.09,3144.45,2993.27,302.36,,,,,,,,,,,,,,,,
2025-04-20,16:49,8363.02,8483.96,8423.49,120.94,8477.91,8804.45,8641.18,326.54,7256.41,7921.58,7589.0,665.17,8132.02,8516.61,8324.31,384.59,,,,,8625.46,9267.65,8946.55,642.19,8343.66,8343.66,8343.67,0.0,8728.86,8881.24,8805.05,152.38,8608.52,8757.28,8682.9,148.76,14534.59,15483.97,15009.28,949.38,13055.49,14364.07,13709.78,1308.58,0.058,0.062,0.06,0.0,0.077,0.084,0.08,0.01,2842.09,3083.98,2963.04,241.89,10910.02,11027.33,10968.67,117.31,10728.61,10894.29,10811.45,165.68,17477.07,18033.39,17755.23,556.32,15832.28,16364.42,16098.35,532.14,0.07,0.08,0.08,0.01,2842.09,3144.45,2993.27,302.36,,,,,,,,,,,,,,,,
2025-04-20,19:24,8363.02,8483.96,8423.49,120.94,8477.91,8804.45,8641.18,326.54,7256.41,7921.58,7589.0,665.17,8132.02,8516.61,8324.31,384.59,,,,,8625.46,9267.65,8946.55,642.19,8343.66,8343.66,8343.67,0.0,8728.86,8881.24,8805.05,152.38,8608.52,8757.28,8682.9,148.76,14534.59,15483.97,15009.28,949.38,13055.49,14364.07,13709.78,1308.58,0.058,0.062,0.06,0.0,0.077,0.084,0.08,0.01,2842.09,3083.98,2963.04,241.89,10910.02,11027.33,10968.67,117.31,10728.61,10894.29,10811.45,165.68,17477.07,18033.39,17755.23,556.32,15832.28,16364.42,16098.35,532.14,0.07,0.08,0.08,0.01,2842.09,3144.45,2993.27,302.36,,,,,,,,,,,,,,,,
2025-04-20,21:38,8363.02,8483.96,8423.49,120.94,8477.91,8804.45,8641.18,326.54,7256.41,7921.58,7589.0,665.17,8132.02,8516.61,8324.31,384.59,,,,,8625.46,9267.65,8946.55,642.19,8343.66,8343.66,8343.67,0.0,8728.86,8881.24,8805.05,152.38,8608.52,8757.28,8682.9,148.76,14534.59,15483.97,15009.28,949.38,13055.49,14364.07,13709.78,1308.58,0.058,0.062,0.06,0.0,0.077,0.084,0.08,0.01,2842.09,3083.98,2963.04,241.89,10910.02,11027.33,10968.67,117.31,10728.61,10894.29,10811.45,165.68,17477.07,18033.39,17755.23,556.32,15832.28,16364.42,16098.35,532.14,0.07,0.08,0.08,0.01,2842.09,3144.45,2993.27,302.36,,,,,,,,,,,,,,,,
2025-04-20,23:32,8363.02,8483.96,8423.49,120.94,8477.91,8804.45,8641.18,326.54,7256.41,7921.58,7589.0,665.17,8132.02,8516.61,8324.31,384.59,,,,,8625.46,9267.65,8946.55,642.19,8343.66,8343.66,8343.67,0.0,8728.86,8881.24,8805.05,152.38,8608.52,8757.28,8682.9,148.76,14534.59,15483.97,15009.28,949.38,13055.49,14364.07,13709.78,1308.58,0.058,0.062,0.06,0.0,0.077,0.084,0.08,0.01,2842.09,3083.98,2963.04,241.89,10910.02,11027.33,10968.67,117.31,10728.61,10894.29,10811.45,165.68,17477.07,18033.39,17755.23,556.32,15832.28,16364.42,16098.35,532.14,0.07,0.08,0.08,0.01,2842.09,3144.45,2993.27,302.36,,,,,,,,,,,,,,,,
2025-04-21,01:39,8363.02,8483.96,8423.49,120.94,8477.91,8804.45,8641.18,326.54,7256.41,7921.58,7589.0,665.17,8132.02,8516.61,8324.31,384.59,,,,,8625.46,9267.65,8946.55,642.19,8343.66,8343.66,8343.67,0.0,8728.86,8881.24,8805.05,152.38,8608.52,8757.28,8682.9,148.76,14534.59,15483.97,15009.28,949.38,13055.49,14364.07,13709.78,1308.58,0.058,0.062,0.06,0.0,0.077,0.084,0.08,0.01,2842.09,3083.98,2963.04,241.89,10910.02,11027.33,10968.67,117.31,10728.61,10894.29,10811.45,165.68,17477.07,18033.39,17755.23,556.32,15832.28,16364.42,16098.35,532.14,0.07,0.08,0.08,0.01,2842.09,3144.45,2993.27,302.36,,,,,,,,,,,,,,,,
2025-04-21,03:39,8363.02,8483.96,8423.49,120.94,8477.91,8804.45,8641.18,326.54,7256.41,7921.58,7589.0,665.17,8132.02,8516.61,8324.31,384.59,,,,,8625.46,9267.65,8946.55,642.19,8343.66,8343.66,8343.67,0.0,8728.86,8881.24,8805.05,152.38,8608.52,8757.28,8682.9,148.76,14534.59,15483.97,15009.28,949.38,13055.49,14364.07,13709.78,1308.58,0.058,0.062,0.06,0.0,0.077,0.084,0.08,0.01,2842.09,3083.98,2963.04,241.89,10910.02,11027.33,10968.67,117.31,10728.61,10894.29,10811.45,165.68,17477.07,18033.39,17755.23,556.32,15832.28,16364.42,16098.35,532.14,0.07,0.08,0.08,0.01,2842.09,3144.45,2993.27,302.36,,,,,,,,,,,,,,,,
2025-04-21,11:29,8301.04,8422.04,8361.54,121.0,8385.74,8760.86,8573.3,375.12,7248.28,7889.61,7568.95,641.33,8112.27,8484.97,8298.62,372.7,,,,,8605.97,9236.41,8921.19,630.44,8321.12,8321.12,8321.12,0.0,8734.84,8887.31,8811.08,152.47,8614.44,8763.28,8688.86,148.84,14534.59,15483.97,15009.28,949.38,13055.49,14364.07,13709.78,1308.58,0.058,0.062,0.06,0.0,0.077,0.084,0.08,0.01,2842.09,3083.98,2963.04,241.89,10917.19,11034.57,10975.88,117.38,10735.68,10901.46,10818.57,165.78,17477.07,18033.39,17755.23,556.32,15832.28,16364.42,16098.35,532.14,0.07,0.08,0.08,0.01,2842.09,3144.45,2993.27,302.36,,,,,,,,,,,,,,,,
2025-04-21,11:51,8301.04,8422.04,8361.54,121.0,8385.74,8760.86,8573.3,375.12,7248.28,7889.61,7568.95,641.33,8112.27,8484.97,8298.62,372.7,,,,,8605.97,9236.41,8921.19,630.44,8321.12,8321.12,8321.12,0.0,8734.84,8887.31,8811.08,152.47,8614.44,8763.28,8688.86,148.84,14534.07,15483.97,15009.02,949.9,13054.17,14363.45,13708.81,1309.28,0.058,0.062,0.06,0.0,0.077,0.084,0.08,0.01,2842.09,3083.98,2963.04,241.89,10917.19,11034.57,10975.88,117.38,10735.68,10901.46,10818.57,165.78,17476.95,18033.58,17755.26,556.63,15831.26,16363.69,16097.47,532.43,0.07,0.08,0.08,0.01,2842.09,3144.45,2993.27,302.36,,,,,,,,,,,,,,,,
2025-04-21,12:51,8301.04,8422.04,8361.54,121.0,8385.74,8760.86,8573.3,375.12,7248.28,7889.61,7568.95,641.33,8112.27,8484.97,8298.62,372.7,,,,,8605.97,9236.41,8921.19,630.44,8321.12,8321.12,8321.12,0.0,8734.84,8887.31,8811.08,152.47,8614.44,8763.28,8688.86,148.84,14534.07,15483.97,15009.02,949.9,13054.17,14363.45,13708.81,1309.28,0.058,0.062,0.06,0.0,0.077,0.084,0.08,0.01,2843.65,3085.66,2964.66,242.01,10917.19,11034.57,10975.88,117.38,10735.68,10901.46,10818.57,165.78,17476.95,18033.58,17755.26,556.63,15831.26,16363.69,16097.47,532.43,0.07,0.08,0.08,0.01,2843.65,3146.17,2994.91,302.52,,,,,,,,,,,,,,,,
2025-04-21,14:55,8301.04,8422.04,8361.54,121.0,8385.74,8760.86,8573.3,375.12,7248.28,7889.61,7568.95,641.33,8112.27,8484.97,8298.62,372.7,,,,,8605.97,9236.41,8921.19,630.44,8321.12,8321.12,8321.12,0.0,8734.84,8887.31,8811.08,152.47,8614.44,8763.28,8688.86,148.84,14534.07,15483.97,15009.02,949.9,13054.17,14363.45,13708.81,1309.28,0.058,0.062,0.06,0.0,0.077,0.084,0.08,0.01,2843.65,3085.66,2964.66,242.01,10917.19,11034.57,10975.88,117.38,10735.68,10901.46,10818.57,165.78,17476.95,18033.58,17755.26,556.63,15831.26,16363.69,16097.47,532.43,0.07,0.08,0.08,0.01,2843.65,3146.17,2994.91,302.52,,,,,,,,,,,,,,,,
2025-04-21,16:57,8301.04,8422.04,8361.54,121.0,8385.74,8760.86,8573.3,375.12,7248.28,7889.61,7568.95,641.33,8112.27,8484.97,8298.62,372.7,,,,,8605.97,9236.41,8921.19,630.44,8321.12,8321.12,8321.12,0.0,8734.84,8887.31,8811.08,152.47,8614.44,8763.28,8688.86,148.84,14534.07,15483.97,15009.02,949.9,13054.17,14363.45,13708.81,1309.28,0.058,0.062,0.06,0.0,0.077,0.084,0.08,0.01,2843.65,3085.66,2964.66,242.01,10917.19,11034.57,10975.88,117.38,10735.68,10901.46,10818.57,165.78,17476.95,18033.58,17755.26,556.63,15831.26,16363.69,16097.47,532.43,0.07,0.08,0.08,0.01,2843.65,3146.17,2994.91,302.52,,,,,,,,,,,,,,,,
2025-04-21,19:11,8301.04,8422.04,8361.54,121.0,8385.74,8760.86,8573.3,375.12,7248.28,7889.61,7568.95,641.33,8112.27,8484.97,8298.62,372.7,,,,,8605.97,9236.41,8921.19,630.44,8321.12,8321.12,8321.12,0.0,8734.84,8887.31,8811.08,152.47,8614.44,8763.28,8688.86,148.84,14534.07,15483.97,15009.02,949.9,13054.17,14363.45,13708.81,1309.28,0.058,0.062,0.06,0.0,0.077,0.084,0.08,0.01,2843.65,3085.66,2964.66,242.01,10917.19,11034.57,10975.88,117.38,10735.68,10901.46,10818.57,165.78,17476.95,18033.58,17755.26,556.63,15831.26,16363.69,16097.47,532.43,0.07,0.08,0.08,0.01,2843.65,3146.17,2994.91,302.52,,,,,,,,,,,,,,,,
2025-04-22,11:12,8240.39,8361.3,8300.84,120.91,8312.93,8711.96,8512.44,399.03,7248.28,7889.61,7568.95,641.33,8112.27,8484.97,8298.62,372.7,,,,,8605.97,9236.41,8921.19,630.44,8301.45,8301.45,8301.45,0.0,8728.28,8880.63,8804.46,152.35,8607.97,8756.69,8682.33,148.72,14534.07,15483.97,15009.02,949.9,13054.17,14363.45,13708.81,1309.28,0.058,0.062,0.06,0.0,0.077,0.084,0.08,0.01,2843.65,3085.66,2964.66,242.01,10908.99,11026.28,10967.63,117.29,10727.62,10893.27,10810.44,165.65,17476.95,18033.58,17755.26,556.63,15831.26,16363.69,16097.47,532.43,0.07,0.08,0.08,0.01,2843.65,3146.17,2994.91,302.52,,,,,,,,,,,,,,,,
2025-04-23,11:14,8177.04,8297.82,8237.43,120.78,8249.51,8648.09,8448.8,398.58,7198.69,7838.84,7518.77,640.15,8058.67,8430.68,8244.67,372.01,,,,,8551.46,9180.75,8866.11,629.29,8265.33,8265.33,8265.33,0.0,8728.28,8880.63,8804.46,152.35,8607.97,8756.69,8682.33,148.72,14519.52,15468.71,14994.12,949.19,13040.73,14349.03,13694.88,1308.3,0.058,0.062,0.06,0.0,0.077,0.084,0.08,0.01,2841.51,3083.34,2962.43,241.83,10908.99,11026.28,10967.63,117.29,10727.62,10893.27,10810.44,165.65,17460.19,18016.4,17738.29,556.21,15815.74,16347.76,16081.75,532.02,0.07,0.08,0.08,0.01,2841.51,3143.8,2992.66,302.29,,,,,,,,,,,,,,,,
2025-04-24,11:15,8197.17,8306.15,8251.66,108.98,8269.82,8657.28,8463.55,387.46,7210.36,7839.99,7525.18,629.63,8066.41,8439.34,8252.87,372.93,,,,,8560.42,9191.25,8875.83,630.83,8270.79,8270.79,8270.79,0.0,8718.75,8870.94,8794.84,152.19,8598.57,8747.13,8672.85,148.56,14497.63,15445.78,14971.71,948.15,13020.45,14327.33,13673.89,1306.88,0.058,0.062,0.06,0.0,0.077,0.084,0.08,0.01,2838.41,3079.98,2959.19,241.57,10897.08,11014.24,10955.66,117.16,10715.9,10881.38,10798.64,165.48,17435.08,17990.69,17712.88,555.61,15792.43,16323.88,16058.15,531.45,0.07,0.08,0.08,0.01,2838.41,3140.37,2989.39,301.96,,,,,,,,,,,,,,,,
2025-04-25,11:16,8185.63,8294.61,8240.12,108.98,8258.28,8645.76,8452.02,387.48,7210.36,7839.99,7525.18,629.63,8066.41,8439.34,8252.87,372.93,,,,,8560.42,9191.25,8875.83,630.83,8270.79,8270.79,8270.79,0.0,8753.54,8906.1,8829.82,152.56,8633.06,8781.99,8707.53,148.93,14533.34,15483.82,15008.58,950.48,13052.52,14362.61,13707.56,1310.09,0.058,0.062,0.06,0.0,0.077,0.084,0.08,0.01,2845.4,3087.56,2966.48,242.16,10942.08,11059.53,11000.8,117.45,10760.46,10926.34,10843.4,165.88,17480.44,18037.41,17758.93,556.97,15833.74,16366.5,16100.12,532.76,0.07,0.08,0.08,0.01,2845.4,3148.1,2996.75,302.7,,,,,,,,,,,,,,,,
2025-04-26,11:10,8185.63,8294.61,8240.12,108.98,8258.28,8645.76,8452.02,387.48,7210.86,7840.52,7525.69,629.66,8066.96,8439.91,8253.44,372.95,,,,,8561.0,9191.88,8876.44,630.88,8268.57,8268.57,8268.57,0.0,8754.14,8906.71,8830.43,152.57,8633.66,8782.6,8708.13,148.94,14534.33,15484.88,15009.6,950.55,13053.41,14363.59,13708.5,1310.18,0.057,0.063,0.06,0.01,0.076,0.084,0.08,0.01,2845.59,3087.77,2966.68,242.18,10942.83,11060.28,11001.55,117.45,10761.19,10927.08,10844.14,165.89,17481.64,18038.65,17760.14,557.01,15834.83,16367.62,16101.22,532.79,0.07,0.08,0.08,0.01,2845.59,3148.32,2996.96,302.73,,,,,,,,,,,,,,,,
2025-04-27,11:26,8185.63,8294.61,8240.12,108.98,8258.28,8645.76,8452.02,387.48,7210.86,7840.52,7525.69,629.66,8066.96,8439.91,8253.44,372.95,,,,,8561.0,9191.88,8876.44,630.88,8268.57,8268.57,8268.57,0.0,8754.14,8906.71,8830.43,152.57,8633.66,8782.6,8708.13,148.94,14534.33,15484.88,15009.6,950.55,13053.41,14363.59,13708.5,1310.18,0.057,0.063,0.06,0.01,0.076,0.084,0.08,0.01,2845.59,3087.77,2966.68,242.18,10942.83,11060.28,11001.55,117.45,10761.19,10927.08,10844.14,165.89,17481.64,18038.65,17760.14,557.01,15834.83,16367.62,16101.22,532.79,0.07,0.08,0.08,0.01,2845.59,3148.32,2996.96,302.73,,,,,,,,,,,,,,,,
2025-04-28,11:30,8071.14,8180.13,8125.64,108.99,8161.97,8513.15,8337.56,351.18,7181.08,7810.78,7495.93,629.7,8037.24,8410.22,8223.73,372.98,,,,,8531.31,9162.23,8846.77,630.92,8239.35,8239.35,8239.35,0.0,8754.74,8907.32,8831.03,152.58,8634.25,8783.2,8708.72,148.95,14534.33,15484.88,15009.6,950.55,13053.41,14363.59,13708.5,1310.18,0.057,0.063,0.06,0.01,0.076,0.084,0.08,0.01,2845.59,3087.77,2966.68,242.18,10943.57,11061.04,11002.31,117.47,10761.93,10927.83,10844.88,165.9,17481.64,18038.65,17760.14,557.01,15834.83,16367.62,16101.22,532.79,0.07,0.08,0.08,0.01,2845.59,3148.32,2996.96,302.73,,,,,,,,,,,,,,,,
2025-04-29,11:15,7998.48,8107.47,8052.98,108.99,8052.98,8476.82,8264.9,423.84,7156.86,7786.56,7471.71,629.7,8013.02,8386.0,8199.51,372.98,,,,,8507.09,9138.01,8822.55,630.92,8217.55,8217.55,8217.55,0.0,8754.74,8907.32,8831.03,152.58,8634.25,8783.2,8708.72,148.95,14524.42,15475.04,14999.73,950.62,13043.4,14353.68,13698.54,1310.28,0.057,0.063,0.06,0.01,0.076,0.084,0.08,0.01,2821.57,3087.98,2954.78,266.41,10943.57,11061.04,11002.31,117.47,10761.93,10927.83,10844.88,165.9,17474.36,18031.41,17752.88,557.05,15827.43,16360.26,16093.85,532.83,0.07,0.08,0.08,0.01,2821.57,3148.53,2985.05,326.96,,,,,,,,,,,,,,,,
2025-04-30,11:15,7972.57,8093.92,8033.25,121.35,8045.38,8445.83,8245.61,400.45,7156.86,7786.56,7471.71,629.7,8013.02,8386.0,8199.51,372.98,,,,,8507.09,9138.01,8822.55,630.92,8217.55,8217.55,8217.55,0.0,8754.74,8907.32,8831.03,152.58,8634.25,8783.2,8708.72,148.95,14518.37,15468.98,14993.68,950.61,13037.35,14347.62,13692.49,1310.27,0.057,0.063,0.06,0.01,0.076,0.084,0.08,0.01,2821.57,3087.98,2954.78,266.41,10944.79,11062.25,11003.52,117.46,10763.14,10929.04,10846.09,165.9,17468.3,18025.35,17746.83,557.05,15821.38,16354.21,16087.79,532.83,0.07,0.08,0.08,0.01,2821.57,3148.53,2985.05,326.96,,,,,,,,,,,,,,,,
2025-05-01,11:36,7972.57,8093.92,8033.25,121.35,8045.38,8445.83,8245.61,400.45,7159.54,7790.55,7475.05,631.01,8017.47,8391.23,8204.35,373.76,,,,,8512.57,9144.8,8828.69,632.23,8225.34,8225.34,8225.34,0.0,8772.87,8925.76,8849.32,152.89,8652.12,8801.38,8726.75,149.26,14546.0,15498.59,15022.3,952.59,13061.92,14374.9,13718.41,1312.98,0.057,0.063,0.06,0.01,0.076,0.084,0.08,0.01,2827.41,3094.38,2960.9,266.97,10967.45,11085.15,11026.3,117.7,10785.42,10951.67,10868.55,166.25,17502.05,18060.25,17781.15,558.2,15851.71,16385.64,16118.68,533.93,0.07,0.08,0.08,0.01,2827.41,3155.05,2991.23,327.64,,,,,,,,,,,,,,,,
2025-05-01,13:49,7972.57,8093.92,8033.25,121.35,8045.38,8445.83,8245.61,400.45,7159.54,7790.55,7475.05,631.01,8017.47,8391.23,8204.35,373.76,,,,,8512.57,9144.8,8828.69,632.23,8225.34,8225.34,8225.34,0.0,8772.87,8925.76,8849.32,152.89,8652.12,8801.38,8726.75,149.26,14546.0,15498.59,15022.3,952.59,13061.92,14374.9,13718.41,1312.98,0.057,0.063,0.06,0.01,0.076,0.084,0.08,0.01,2827.41,3094.38,2960.9,266.97,10967.45,11085.15,11026.3,117.7,10785.42,10951.67,10868.55,166.25,17502.05,18060.25,17781.15,558.2,15851.71,16385.64,16118.68,533.93,0.07,0.08,0.08,0.01,2827.41,3155.05,2991.23,327.64,9139.94,9595.0,9367.47,455.06,9061.67,9358.98,9210.33,297.31,13944.72,14502.93,14223.83,558.21,12551.04,12951.49,12751.26,400.45
2025-05-02,11:29,7972.57,8093.92,8033.25,121.35,8045.38,8445.83,8245.61,400.45,7159.54,7790.55,7475.05,631.01,8017.47,8391.23,8204.35,373.76,,,,,8512.57,9144.8,8828.69,632.23,8225.34,8225.34,8225.34,0.0,8772.87,8925.76,8849.32,152.89,8652.12,8801.38,8726.75,149.26,14546.0,15498.59,15022.3,952.59,13061.92,14374.9,13718.41,1312.98,0.057,0.063,0.06,0.01,0.076,0.084,0.08,0.01,2827.41,3094.38,2960.9,266.97,10967.45,11085.15,11026.3,117.7,10785.42,10951.67,10868.55,166.25,17502.05,18060.25,17781.15,558.2,15851.71,16385.64,16118.68,533.93,0.07,0.08,0.08,0.01,2827.41,3155.05,2991.23,327.64,9139.94,9595.0,9367.47,455.06,9061.67,9358.98,9210.33,297.31,13944.72,14502.93,14223.83,558.21,12551.04,12951.49,12751.26,400.45
2025-05-03,11:14,7972.57,8093.92,8033.25,121.35,8045.38,8445.83,8245.61,400.45,7159.54,7790.55,7475.05,631.01,8017.47,8391.23,8204.35,373.76,,,,,8512.57,9144.8,8828.69,632.23,8225.34,8225.34,8225.34,0.0,8772.87,8925.76,8849.32,152.89,8652.12,8801.38,8726.75,149.26,14546.0,15498.59,15022.3,952.59,13061.92,14374.9,13718.41,1312.98,0.057,0.063,0.06,0.01,0.076,0.084,0.08,0.01,2827.41,3094.38,2960.9,266.97,10967.45,11085.15,11026.3,117.7,10785.42,10951.67,10868.55,166.25,17502.05,18060.25,17781.15,558.2,15851.71,16385.64,16118.68,533.93,0.07,0.08,0.08,0.01,2827.41,3155.05,2991.23,327.64,9139.94,9595.0,9367.47,455.06,9061.67,9358.98,9210.33,297.31,13944.72,14502.93,14223.83,558.21,12551.04,12951.49,12751.26,400.45
2025-05-04,11:34,7972.57,8093.92,8033.25,121.35,8045.38,8445.83,8245.61,400.45,7159.54,7790.55,7475.05,631.01,8017.47,8391.23,8204.35,373.76,,,,,8512.57,9144.8,8828.69,632.23,8225.34,8225.34,8225.34,0.0,8772.87,8925.76,8849.32,152.89,8652.12,8801.38,8726.75,149.26,14546.0,15498.59,15022.3,952.59,13061.92,14374.9,13718.41,1312.98,0.057,0.063,0.06,0.01,0.076,0.084,0.08,0.01,2827.41,3094.38,2960.9,266.97,10967.45,11085.15,11026.3,117.7,10785.42,10951.67,10868.55,166.25,17502.05,18060.25,17781.15,558.2,15851.71,16385.64,16118.68,533.93,0.07,0.08,0.08,0.01,2827.41,3155.05,2991.23,327.64,9139.94,9595.0,9367.47,455.06,9061.67,9358.98,9210.33,297.31,13944.72,14502.93,14223.83,558.21,12551.04,12951.49,12751.26,400.45
2025-05-05,11:31,7972.57,8093.92,8033.25,121.35,8045.38,8445.83,8245.61,400.45,7159.54,7790.55,7475.05,631.01,8017.47,8391.23,8204.35,373.76,,,,,8512.57,9144.8,8828.69,632.23,8225.34,8225.34,8225.34,0.0,8772.87,8925.76,8849.32,152.89,8652.12,8801.38,8726.75,149.26,14546.0,15498.59,15022.3,952.59,13061.92,14374.9,13718.41,1312.98,0.057,0.063,0.06,0.01,0.076,0.084,0.08,0.01,2827.41,3094.38,2960.9,266.97,10967.45,11085.15,11026.3,117.7,10785.42,10951.67,10868.55,166.25,17502.05,18060.25,17781.15,558.2,15851.71,16385.64,16118.68,533.93,0.07,0.08,0.08,0.01,2827.41,3155.05,2991.23,327.64,9139.94,9595.0,9367.47,455.06,9061.67,9358.98,9210.33,297.31,13944.72,14502.93,14223.83,558.21,12551.04,12951.49,12751.26,400.45
2025-05-06,11:28,7917.95,8039.95,7978.95,122.0,8015.55,8357.16,8186.35,341.61,7167.63,7802.05,7484.84,634.42,8036.29,8399.86,8218.07,363.57,,,,,8534.06,9157.49,8845.78,623.43,8241.86,8241.86,8241.86,0.0,8821.99,8975.71,8898.85,153.72,8700.59,8850.66,8775.62,150.07,14546.0,15498.59,15022.3,952.59,13061.92,14374.9,13718.41,1312.98,0.057,0.063,0.06,0.01,0.076,0.084,0.08,0.01,2827.41,3094.38,2960.9,266.97,11029.01,11147.35,11088.18,118.34,10846.0,11013.15,10929.57,167.15,17502.05,18060.25,17781.15,558.2,15851.71,16385.64,16118.68,533.93,0.07,0.08,0.08,0.01,2827.41,3155.05,2991.23,327.64,9191.04,9648.55,9419.8,457.51,9112.35,9411.26,9261.8,298.91,13944.72,14502.93,14223.83,558.21,12551.04,12951.49,12751.26,400.45
2025-05-07,11:30,7887.63,8009.92,7948.78,122.29,7979.35,8321.76,8150.55,342.41,7147.79,7783.69,7465.74,635.9,8030.71,8370.67,8200.69,339.96,,,,,8517.42,9142.32,8829.87,624.9,8225.03,8225.03,8225.03,0.0,8821.99,8975.71,8898.85,153.72,8700.59,8850.66,8775.62,150.07,14614.65,15572.37,15093.51,957.72,13123.79,14443.85,13783.82,1320.06,0.057,0.063,0.06,0.01,0.076,0.084,0.08,0.01,2842.65,3111.06,2976.86,268.41,11029.01,11147.35,11088.18,118.34,10846.0,11013.15,10929.57,167.15,17586.63,18147.84,17867.23,561.21,15927.4,16464.21,16195.8,536.81,0.07,0.08,0.08,0.01,2842.65,3172.06,3007.36,329.41,9191.04,9648.55,9419.8,457.51,9112.35,9411.26,9261.8,298.91,13995.49,14556.7,14276.1,561.21,12618.7,13021.3,12820.0,402.6
2025-05-08,11:31,7694.0,7815.93,7754.96,121.93,7742.77,8169.54,7956.15,426.77,7066.04,7675.71,7370.87,609.67,7934.2,8273.18,8103.69,338.98,,,,,8419.5,9042.58,8731.04,623.08,8130.15,8130.15,8130.15,0.0,8847.6,9001.68,8924.64,154.08,8728.37,8873.89,8801.13,145.52,14642.87,15602.84,15122.85,959.97,13148.5,14471.67,13810.08,1323.17,0.057,0.063,0.06,0.01,0.076,0.084,0.08,0.01,2849.33,3118.37,2983.85,269.04,11065.92,11179.65,11122.79,113.73,10883.71,11043.91,10963.81,160.2,17624.27,18186.8,17905.54,562.53,15961.15,16499.22,16230.18,538.07,0.07,0.08,0.08,0.01,2849.33,3179.51,3014.42,330.18,9216.3,9674.89,9445.59,458.59,9137.43,9437.03,9287.23,299.6,14012.47,14575.0,14293.74,562.53,12648.34,13051.89,12850.12,403.55
2025-05-09,11:30,7689.76,7811.62,7750.69,121.86,7738.5,8165.04,7951.77,426.54,7043.87,7653.2,7348.53,609.33,7911.55,8250.34,8080.95,338.79,,,,,8408.77,9007.13,8707.95,598.36,8111.54,8111.54,8111.54,0.0,8814.58,8968.13,8891.36,153.55,8694.54,8842.0,8768.27,147.46,14575.91,15533.09,15054.5,957.18,13085.89,14405.21,13745.55,1319.32,0.057,0.063,0.06,0.01,0.076,0.084,0.08,0.01,2841.05,3109.3,2975.17,268.25,11024.02,11137.35,11080.68,113.33,10842.44,11002.08,10922.26,159.64,17548.65,18109.54,17829.1,560.89,15890.36,16426.86,16158.61,536.5,0.07,0.08,0.08,0.01,2841.05,3170.27,3005.66,329.22,9178.35,9635.35,9406.85,457.0,9099.75,9398.32,9249.04,298.57,13929.06,14489.95,14209.5,560.89,12611.57,13013.95,12812.76,402.38
2025-05-10,11:14,7689.76,7811.62,7750.69,121.86,7738.5,8165.04,7951.77,426.54,7043.87,7653.2,7348.53,609.33,7911.55,8250.34,8080.95,338.79,,,,,8408.77,9007.13,8707.95,598.36,8111.54,8111.54,8111.54,0.0,8814.58,8968.13,8891.36,153.55,8694.54,8842.0,8768.27,147.46,14563.01,15519.66,15041.33,956.65,13073.81,14392.4,13733.1,1318.59,0.057,0.063,0.06,0.01,0.077,0.084,0.08,0.01,2839.48,3107.59,2973.54,268.11,11024.02,11137.35,11080.68,113.33,10842.44,11002.08,10922.26,159.64,17534.11,18094.69,17814.4,560.58,15876.73,16412.94,16144.83,536.21,0.07,0.08,0.08,0.01,2839.48,3168.52,3004.0,329.04,9178.35,9635.35,9406.85,457.0,9099.75,9398.32,9249.04,298.57,13921.38,14481.97,14201.68,560.59,12604.62,13006.78,12805.7,402.16
2025-05-11,11:32,7689.76,7811.62,7750.69,121.86,7738.5,8165.04,7951.77,426.54,7043.87,7653.2,7348.53,609.33,7911.55,8250.34,8080.95,338.79,,,,,8408.77,9007.13,8707.95,598.36,8111.54,8111.54,8111.54,0.0,8814.58,8968.13,8891.36,153.55,8694.54,8842.0,8768.27,147.46,14563.01,15519.66,15041.33,956.65,13073.81,14392.4,13733.1,1318.59,0.057,0.063,0.06,0.01,0.077,0.084,0.08,0.01,2839.48,3107.59,2973.54,268.11,11024.02,11137.35,11080.68,113.33,10842.44,11002.08,10922.26,159.64,17534.11,18094.69,17814.4,560.58,15876.73,16412.94,16144.83,536.21,0.07,0.08,0.08,0.01,2839.48,3168.52,3004.0,329.04,9178.35,9635.35,9406.85,457.0,9099.75,9398.32,9249.04,298.57,13921.38,14481.97,14201.68,560.59,12604.62,13006.78,12805.7,402.16
2025-05-12,11:33,7625.35,7747.45,7686.4,122.1,7692.51,8083.24,7887.87,390.73,7030.71,7641.22,7335.97,610.51,7900.08,8239.53,8069.81,339.45,,,,,8398.26,8997.79,8698.03,599.53,8099.72,8099.72,8099.72,0.0,8830.51,8984.36,8907.43,153.85,8709.63,8858.59,8784.11,148.96,14563.01,15519.66,15041.33,956.65,13073.81,14392.4,13733.1,1318.59,0.057,0.063,0.06,0.01,0.077,0.084,0.08,0.01,2839.48,3107.59,2973.54,268.11,11045.46,11159.02,11102.24,113.56,10863.53,11023.48,10943.51,159.95,17534.11,18094.69,17814.4,560.58,15876.73,16412.94,16144.83,536.21,0.07,0.08,0.08,0.01,2839.48,3168.52,3004.0,329.04,9194.99,9652.88,9423.93,457.89,9116.23,9415.38,9265.81,299.15,13921.38,14481.97,14201.68,560.59,12604.62,13006.78,12805.7,402.16
2025-05-13,11:32,7649.63,7772.12,7710.87,122.49,7765.99,8059.97,7912.98,293.98,7040.84,7653.3,7347.07,612.46,7912.98,8253.51,8083.25,340.53,,,,,8412.75,9014.19,8713.47,601.44,8117.18,8117.18,8117.18,0.0,8830.51,8984.36,8907.43,153.85,8709.63,8858.59,8784.11,148.96,14584.02,15542.53,15063.27,958.51,13091.91,14413.07,13752.49,1321.16,0.057,0.063,0.06,0.01,0.077,0.084,0.08,0.01,2845.01,3113.63,2979.32,268.62,11045.46,11159.02,11102.24,113.56,10863.53,11023.48,10943.51,159.95,17560.89,18122.57,17841.73,561.68,15900.29,16437.54,16168.92,537.25,0.07,0.08,0.08,0.01,2845.01,3174.69,3009.85,329.68,9194.99,9652.88,9423.93,457.89,9116.23,9415.38,9265.81,299.15,13927.71,14489.39,14208.55,561.68,12629.14,13032.08,12830.61,402.94
2025-05-14,11:31,7662.94,7785.44,7724.19,122.5,7791.57,8061.09,7926.33,269.52,7035.69,7648.23,7341.96,612.54,7907.95,8248.53,8078.24,340.58,,,,,8407.79,9009.31,8708.55,601.52,8113.03,8113.03,8113.03,0.0,8859.85,9014.21,8937.03,154.36,8737.95,8888.64,8813.3,150.69,14627.57,15589.27,15108.42,961.7,13130.51,14456.06,13793.28,1325.55,0.057,0.063,0.06,0.01,0.077,0.084,0.08,0.01,2854.06,3123.55,2988.8,269.49,11082.16,11196.09,11139.13,113.93,10899.62,11060.11,10979.87,160.49,17613.11,18176.65,17894.88,563.54,15946.99,16486.03,16216.51,539.04,0.07,0.08,0.08,0.01,2854.06,3184.79,3019.43,330.73,9225.54,9684.95,9455.24,459.41,9146.52,9446.67,9296.59,300.15,13975.21,14538.75,14256.98,563.54,12732.36,13112.13,12922.25,379.77
2025-05-15,11:30,7669.88,7792.3,7731.09,122.42,7810.67,8055.51,7933.09,244.84,7006.34,7642.94,7324.64,636.6,7878.0,8242.82,8060.41,364.82,,,,,8389.73,8990.84,8690.28,601.11,8095.67,8095.67,8095.67,0.0,8859.85,9014.21,8937.03,154.36,8737.95,8888.64,8813.3,150.69,14627.57,15589.27,15108.42,961.7,13130.51,14456.06,13793.28,1325.55,0.057,0.063,0.06,0.01,0.077,0.084,0.08,0.01,2854.46,3123.98,2989.22,269.52,11082.16,11196.09,11139.13,113.93,10899.62,11060.11,10979.87,160.49,17613.11,18176.65,17894.88,563.54,15946.99,16486.03,16216.51,539.04,0.07,0.08,0.08,0.01,2854.46,3185.23,3019.85,330.77,9225.54,9684.95,9455.24,459.41,9146.52,9446.67,9296.59,300.15,13975.21,14538.75,14256.98,563.54,12732.36,13112.13,12922.25,379.77
2025-05-16,11:32,7639.49,7762.02,7700.75,122.53,7768.14,8037.7,7902.92,269.56,7006.34,7642.94,7324.64,636.6,7878.0,8242.82,8060.41,364.82,,,,,8389.73,8990.84,8690.28,601.11,8085.0,8085.0,8085.0,0.0,8830.46,8984.71,8907.59,154.25,8707.42,8860.45,8783.94,153.03,14595.42,15556.45,15075.93,961.03,13099.39,14424.02,13761.71,1324.63,0.057,0.063,0.06,0.01,0.077,0.084,0.08,0.01,2852.48,3121.82,2987.15,269.34,11043.89,11157.74,11100.82,113.85,10861.48,11021.85,10941.67,160.37,17575.22,18138.37,17856.8,563.15,15910.25,16448.92,16179.59,538.67,0.07,0.08,0.08,0.01,2852.48,3183.03,3017.76,330.55,9195.9,9654.99,9425.44,459.09,9116.93,9416.87,9266.9,299.94,13949.63,14512.78,14231.2,563.15,12723.55,13103.06,12913.31,379.51
2025-05-17,11:27,7639.49,7762.02,7700.75,122.53,7768.14,8037.7,7902.92,269.56,6987.65,7624.79,7306.22,637.14,7866.16,8231.29,8048.73,365.13,,,,,8378.32,8979.93,8679.12,601.61,8085.0,8085.0,8085.0,0.0,8837.8,8992.18,8914.99,154.38,8714.66,8867.81,8791.24,153.15,14603.87,15565.69,15084.78,961.82,13105.37,14436.0,13770.69,1330.63,0.058,0.064,0.061,0.01,0.077,0.085,0.081,0.01,2854.85,3124.41,2989.63,269.56,11054.29,11165.79,11110.04,111.5,10871.73,11029.78,10950.75,158.05,17586.15,18149.77,17867.96,563.62,15919.79,16458.91,16189.35,539.12,0.07,0.08,0.08,0.01,2854.85,3185.67,3020.26,330.82,9204.76,9661.78,9433.27,457.02,9124.51,9424.69,9274.6,300.18,13952.64,14516.26,14234.45,563.62,12734.12,13113.95,12924.03,379.83
2025-05-18,10:20,7639.49,7762.02,7700.75,122.53,7768.14,8037.7,7902.92,269.56,6987.65,7624.79,7306.22,637.14,7866.16,8231.29,8048.73,365.13,,,,,8378.32,8979.93,8679.12,601.61,8085.0,8085.0,8085.0,0.0,8837.8,8992.18,8914.99,154.38,8714.66,8867.81,8791.24,153.15,14603.87,15565.69,15084.78,961.82,13105.37,14436.0,13770.69,1330.63,0.058,0.064,0.061,0.01,0.077,0.085,0.081,0.01,2854.85,3124.41,2989.63,269.56,11054.29,11165.79,11110.04,111.5,10871.73,11029.78,10950.75,158.05,17586.15,18149.77,17867.96,563.62,15919.79,16458.91,16189.35,539.12,0.07,0.08,0.08,0.01,2854.85,3185.67,3020.26,330.82,9204.76,9661.78,9433.27,457.02,9124.51,9424.69,9274.6,300.18,13952.64,14516.26,14234.45,563.62,12734.12,13113.95,12924.03,379.83
2025-05-19,10:18,7639.49,7762.02,7700.75,122.53,7768.14,8037.7,7902.92,269.56,6987.65,7624.79,7306.22,637.14,7866.16,8231.29,8048.73,365.13,,,,,8378.32,8979.93,8679.12,601.61,8085.0,8085.0,8085.0,0.0,8837.8,8992.18,8914.99,154.38,8714.66,8867.81,8791.24,153.15,14603.87,15565.69,15084.78,961.82,13105.37,14436.0,13770.69,1330.63,0.058,0.064,0.061,0.01,0.077,0.085,0.081,0.01,2854.85,3124.41,2989.63,269.56,11054.29,11165.79,11110.04,111.5,10871.73,11029.78,10950.75,158.05,17586.15,18149.77,17867.96,563.62,15919.79,16458.91,16189.35,539.12,0.07,0.08,0.08,0.01,2854.85,3185.67,3020.26,330.82,9204.76,9661.78,9433.27,457.02,9124.51,9424.69,9274.6,300.18,13952.64,14516.26,14234.45,563.62,12734.12,13113.95,12924.03,379.83
2025-05-20,18:52,7475.98,7598.34,7537.16,122.36,7537.16,7940.94,7739.05,403.78,6929.05,7565.3,7247.18,636.25,7806.35,8170.97,7988.66,364.62,,,,,8317.8,8918.57,8618.18,600.77,8024.26,8024.26,8024.26,0.0,8819.46,8978.52,8898.99,159.06,8697.71,8853.11,8775.41,155.4,14567.77,15528.27,15048.02,960.5,13078.69,14400.14,13739.41,1321.45,0.058,0.064,0.061,0.01,0.077,0.085,0.081,0.01,2850.91,3120.09,2985.5,269.18,11031.66,11147.9,11089.78,116.24,10849.35,11012.09,10930.72,162.74,17547.15,18109.99,17828.57,562.84,15890.44,16421.47,16155.95,531.03,0.07,0.08,0.08,0.01,2850.91,3181.27,3016.09,330.36,9178.57,9647.2,9412.89,468.63,9098.43,9410.44,9254.44,312.01,13892.97,14455.81,14174.39,562.84,12722.63,13089.7,12906.17,367.07
2025-05-21,10:08,7475.98,7598.34,7537.16,122.36,7537.16,7940.94,7739.05,403.78,6929.05,7565.3,7247.18,636.25,7806.35,8170.97,7988.66,364.62,,,,,8317.8,8918.57,8618.18,600.77,8024.26,8024.26,8024.26,0.0,8819.46,8978.52,8898.99,159.06,8697.71,8853.11,8775.41,155.4,14567.77,15528.27,15048.02,960.5,13078.69,14400.14,13739.41,1321.45,0.058,0.064,0.061,0.01,0.077,0.085,0.081,0.01,2850.91,3120.09,2985.5,269.18,11031.66,11147.9,11089.78,116.24,10849.35,11012.09,10930.72,162.74,17547.15,18109.99,17828.57,562.84,15890.44,16421.47,16155.95,531.03,0.07,0.08,0.08,0.01,2850.91,3181.27,3016.09,330.36,9178.57,9647.2,9412.89,468.63,9098.43,9410.44,9254.44,312.01,13892.97,14455.81,14174.39,562.84,12722.63,13089.7,12906.17,367.07
2025-05-22,10:08,7455.57,7577.89,7516.73,122.32,7498.38,7926.51,7712.45,428.13,6902.67,7538.75,7220.71,636.08,7779.72,8144.24,7961.98,364.52,,,,,8291.03,8891.64,8591.33,600.61,8000.76,8000.76,8000.76,0.0,8807.23,8971.15,8889.19,163.92,8685.52,8845.77,8765.64,160.25,14558.85,15519.08,15038.96,960.23,13075.07,14391.26,13733.17,1316.19,0.058,0.064,0.061,0.01,0.077,0.085,0.081,0.01,2850.12,3119.23,2984.67,269.11,11016.38,11139.93,11078.15,123.55,10834.12,11004.15,10919.14,170.03,17537.4,18100.09,17818.75,562.69,15881.16,16412.04,16146.6,530.88,0.07,0.08,0.08,0.01,2850.12,3180.39,3015.25,330.27,9157.69,9638.42,9398.05,480.73,9077.57,9401.72,9239.64,324.15,13881.79,14439.58,14160.69,557.79,12719.11,13086.08,12902.6,366.97
2025-05-23,10:08,7472.09,7594.69,7533.39,122.6,7527.26,7931.82,7729.54,404.56,6899.58,7537.07,7218.32,637.49,7766.32,8156.17,7961.24,389.85,,,,,8291.02,8892.96,8591.99,601.94,7999.74,7999.74,7999.74,0.0,8818.17,8989.8,8903.99,171.63,8696.19,8864.15,8780.17,167.96,14583.76,15546.12,15064.94,962.36,13104.05,14415.81,13759.93,1311.76,0.058,0.064,0.061,0.01,0.077,0.085,0.081,0.01,2856.44,3126.14,2991.29,269.7,11032.22,11163.39,11097.81,131.17,10849.55,11027.31,10938.43,177.76,17568.92,18132.85,17850.89,563.93,15909.0,16441.06,16175.03,532.06,0.07,0.08,0.08,0.01,2856.44,3187.44,3021.94,331.0,9165.73,9657.33,9411.53,491.6,9085.43,9420.11,9252.77,334.68,13907.66,14471.59,14189.62,563.93,12747.31,13115.09,12931.2,367.78
2025-05-24,10:03,7466.4,7588.91,7527.65,122.51,7546.03,7901.28,7723.66,355.25,6867.38,7504.38,7185.88,637.0,7733.46,8123.01,7928.23,389.55,,,,,8257.76,8859.24,8558.5,601.48,7967.55,7967.55,7967.55,0.0,8809.01,8985.41,8897.21,176.4,8687.12,8859.85,8773.48,172.73,14566.53,15528.16,15047.35,961.63,13094.08,14399.93,13747.0,1305.85,0.057,0.063,0.06,0.01,0.077,0.084,0.081,0.01,2854.26,3123.76,2989.01,269.5,11021.37,11157.34,11089.36,135.97,10838.84,11021.37,10930.11,182.53,17548.19,18111.7,17829.95,563.51,15889.54,16421.19,16155.36,531.65,0.07,0.08,0.08,0.01,2854.26,3185.01,3019.64,330.75,9156.3,9652.43,9404.36,496.13,9076.06,9415.39,9245.72,339.33,13897.07,14460.57,14178.82,563.5,12743.73,13098.98,12921.35,355.25
2025-05-25,10:22,7466.4,7588.91,7527.65,122.51,7546.03,7901.28,7723.66,355.25,6867.38,7504.38,7185.88,637.0,7733.46,8123.01,7928.23,389.55,,,,,8257.76,8859.24,8558.5,601.48,7967.55,7967.55,7967.55,0.0,8809.01,8985.41,8897.21,176.4,8687.12,8859.85,8773.48,172.73,14566.53,15528.16,15047.35,961.63,13094.08,14399.93,13747.0,1305.85,0.057,0.063,0.06,0.01,0.077,0.084,0.081,0.01,2854.26,3123.76,2989.01,269.5,11021.37,11157.34,11089.36,135.97,10838.84,11021.37,10930.11,182.53,17548.19,18111.7,17829.95,563.51,15889.54,16421.19,16155.36,531.65,0.07,0.08,0.08,0.01,2854.26,3185.01,3019.64,330.75,9156.3,9652.43,9404.36,496.13,9076.06,9415.39,9245.72,339.33,13897.07,14460.57,14178.82,563.5,12743.73,13098.98,12921.35,355.25
2025-05-26,10:17,7431.54,7554.58,7493.06,123.04,7493.06,7886.78,7689.92,393.72,6867.38,7504.38,7185.88,637.0,7733.46,8123.01,7928.23,389.55,,,,,8257.76,8859.24,8558.5,601.48,7967.55,7967.55,7967.55,0.0,8809.01,8985.41,8897.21,176.4,8687.12,8859.85,8773.48,172.73,14566.53,15528.16,15047.35,961.63,13094.08,14399.93,13747.0,1305.85,0.057,0.063,0.06,0.01,0.077,0.084,0.081,0.01,2854.26,3123.76,2989.01,269.5,11021.37,11157.34,11089.36,135.97,10838.84,11021.37,10930.11,182.53,17548.19,18111.7,17829.95,563.51,15889.54,16421.19,16155.36,531.65,0.07,0.08,0.08,0.01,2854.26,3185.01,3019.64,330.75,9156.3,9652.43,9404.36,496.13,9076.06,9415.39,9245.72,339.33,13897.07,14460.57,14178.82,563.5,12743.73,13098.98,12921.35,355.25
2025-05-27,10:07,7431.54,7554.58,7493.06,123.04,7493.06,7886.78,7689.92,393.72,6865.56,7505.36,7185.46,639.8,7735.44,8116.86,7926.15,381.42,,,,,8262.05,8856.32,8559.19,594.27,7970.45,7970.45,7970.45,0.0,8847.71,9019.97,8933.84,172.26,8725.29,8893.85,8809.57,168.56,14620.69,15586.54,15103.61,965.85,13151.61,14455.82,13803.71,1304.21,0.057,0.063,0.06,0.01,0.077,0.084,0.081,0.01,2866.8,3125.18,2995.99,258.38,11069.79,11198.98,11134.39,129.19,10886.46,11062.41,10974.44,175.95,17614.22,18180.2,17897.21,565.98,15947.04,16485.95,16216.5,538.91,0.07,0.08,0.08,0.01,2866.8,3186.7,3026.75,319.9,9194.07,9684.99,9439.53,490.92,9113.48,9446.91,9280.19,333.43,13939.67,14517.95,14228.81,578.28,12799.71,13156.53,12978.12,356.82
2025-05-28,10:09,7360.81,7483.69,7422.25,122.88,7471.4,7766.33,7618.87,294.93,6832.4,7471.4,7151.9,639.0,7701.2,8082.14,7891.67,380.94,,,,,8227.15,8820.68,8523.91,593.53,7935.79,7935.79,7935.79,0.0,8828.05,9000.09,8914.07,172.04,8705.78,8874.13,8789.96,168.35,14587.67,15552.32,15069.99,964.65,13135.17,14423.0,13779.09,1287.83,0.057,0.063,0.06,0.01,0.077,0.084,0.081,0.01,2863.22,3121.28,2992.25,258.06,11043.67,11172.7,11108.18,129.03,10860.57,11036.29,10948.43,175.72,17579.92,18145.19,17862.55,565.27,15912.37,16457.98,16185.17,545.61,0.07,0.08,0.08,0.01,2863.22,3182.72,3022.97,319.5,9165.37,9655.68,9410.53,490.31,9084.88,9417.9,9251.39,333.02,13900.13,14480.14,14190.14,580.01,12783.72,13140.08,12961.9,356.36
2025-05-29,10:09,7208.52,7331.11,7269.81,122.59,7294.33,7637.6,7465.96,343.27,6792.25,7430.36,7111.31,638.11,7659.84,8040.26,7850.05,380.42,,,,,8185.06,8777.77,8481.41,592.71,7894.84,7894.84,7894.84,0.0,8812.13,8983.93,8898.03,171.8,8690.03,8858.15,8774.09,168.12,14557.62,15520.93,15039.28,963.31,13116.95,14393.19,13755.07,1276.24,0.057,0.063,0.06,0.01,0.077,0.084,0.081,0.01,2859.25,3116.95,2988.1,257.7,11024.67,11153.52,11089.1,128.85,10841.83,11017.31,10929.57,175.48,17544.49,18108.98,17826.74,564.49,15879.26,16424.11,16151.69,544.85,0.07,0.08,0.08,0.01,2859.25,3178.31,3018.78,319.06,9150.21,9632.48,9391.34,482.27,9069.83,9395.02,9232.43,325.19,13863.67,14442.89,14153.28,579.22,12765.99,13121.86,12943.93,355.87
2025-05-30,10:07,7196.06,7318.86,7257.46,122.8,7294.3,7613.58,7453.94,319.28,6742.66,7367.89,7055.27,625.23,7615.53,7971.05,7793.29,355.52,,,,,8127.97,8720.1,8424.03,592.13,7838.89,7838.89,7838.89,0.0,8788.75,8960.38,8874.57,171.63,8666.77,8834.72,8750.75,167.95,14516.33,15478.7,14997.51,962.37,13104.05,14352.06,13728.06,1248.01,0.057,0.063,0.06,0.01,0.077,0.084,0.081,0.01,2856.44,3113.88,2985.16,257.44,11001.57,11120.49,11061.03,118.92,10818.9,10984.41,10901.66,165.51,17495.36,18059.3,17777.33,563.94,15831.77,16376.08,16103.92,544.31,0.07,0.08,0.08,0.01,2856.44,3175.18,3015.81,318.74,9131.4,9603.39,9367.39,471.99,9057.23,9367.39,9212.31,310.16,13819.39,14398.03,14108.71,578.64,12753.44,13108.96,12931.2,355.52
2025-05-31,10:06,7196.06,7318.86,7257.46,122.8,7294.3,7613.58,7453.94,319.28,6698.72,7325.0,7011.86,626.28,7579.2,7923.03,7751.11,343.83,,,,,8086.36,8679.48,8382.92,593.12,7793.48,7793.48,7793.48,0.0,8798.6,8970.52,8884.56,171.92,8676.41,8844.65,8760.53,168.24,14524.74,15488.72,15006.73,963.98,13110.09,14360.19,13735.14,1250.1,0.057,0.064,0.061,0.01,0.077,0.084,0.081,0.01,2861.23,3119.11,2990.17,257.88,11012.67,11131.79,11072.23,119.12,10829.7,10995.48,10912.59,165.78,17507.55,18072.43,17789.99,564.88,15841.16,16386.39,16113.77,545.23,0.07,0.08,0.08,0.01,2861.23,3180.51,3020.87,319.28,9140.59,9601.09,9370.84,460.5,9066.3,9364.7,9215.5,298.4,13832.77,14412.38,14122.58,579.61,12774.85,13130.97,12952.91,356.12
2025-06-01,10:34,7196.06,7318.86,7257.46,122.8,7294.3,7613.58,7453.94,319.28,6698.72,7325.0,7011.86,626.28,7579.2,7923.03,7751.11,343.83,,,,,8086.36,8679.48,8382.92,593.12,7793.48,7793.48,7793.48,0.0,8798.6,8970.52,8884.56,171.92,8676.41,8844.65,8760.53,168.24,14524.74,15488.72,15006.73,963.98,13110.09,14360.19,13735.14,1250.1,0.057,0.064,0.061,0.01,0.077,0.084,0.081,0.01,2861.23,3119.11,2990.17,257.88,11012.67,11131.79,11072.23,119.12,10829.7,10995.48,10912.59,165.78,17507.55,18072.43,17789.99,564.88,15841.16,16386.39,16113.77,545.23,0.07,0.08,0.08,0.01,2861.23,3180.51,3020.87,319.28,9140.59,9601.09,9370.84,460.5,9066.3,9364.7,9215.5,298.4,13832.77,14412.38,14122.58,579.61,12774.85,13130.97,12952.91,356.12
2025-06-02,10:20,7196.06,7318.86,7257.46,122.8,7294.3,7613.58,7453.94,319.28,6698.72,7325.0,7011.86,626.28,7579.2,7923.03,7751.11,343.83,,,,,8086.36,8679.48,8382.92,593.12,7793.48,7793.48,7793.48,0.0,8798.6,8970.52,8884.56,171.92,8676.41,8844.65,8760.53,168.24,14524.74,15488.72,15006.73,963.98,13110.09,14360.19,13735.14,1250.1,0.057,0.064,0.061,0.01,0.077,0.084,0.081,0.01,2861.23,3119.11,2990.17,257.88,11012.67,11131.79,11072.23,119.12,10829.7,10995.48,10912.59,165.78,17507.55,18072.43,17789.99,564.88,15841.16,16386.39,16113.77,545.23,0.07,0.08,0.08,0.01,2861.23,3180.51,3020.87,319.28,9140.59,9601.09,9370.84,460.5,9066.3,9364.7,9215.5,298.4,13832.77,14412.38,14122.58,579.61,12774.85,13130.97,12952.91,356.12
2025-06-03,10:16,7136.94,7259.57,7198.25,122.63,7259.57,7529.35,7394.46,269.78,6698.72,7325.0,7011.86,626.28,7579.2,7923.03,7751.11,343.83,,,,,8086.36,8679.48,8382.92,593.12,7793.48,7793.48,7793.48,0.0,8798.6,8970.52,8884.56,171.92,8676.41,8844.65,8760.53,168.24,14524.74,15488.72,15006.73,963.98,13110.09,14360.19,13735.14,1250.1,0.057,0.064,0.061,0.01,0.077,0.084,0.081,0.01,2861.23,3119.11,2990.17,257.88,11012.67,11131.79,11072.23,119.12,10829.7,10995.48,10912.59,165.78,17507.55,18072.43,17789.99,564.88,15841.16,16386.39,16113.77,545.23,0.07,0.08,0.08,0.01,2861.23,3180.51,3020.87,319.28,9140.59,9601.09,9370.84,460.5,9066.3,9364.7,9215.5,298.4,13832.77,14412.38,14122.58,579.61,12774.85,13130.97,12952.91,356.12
2025-06-04,10:16,7146.25,7269.15,7207.7,122.9,7287.58,7521.08,7404.33,233.5,6652.56,7277.96,6965.26,625.4,7531.8,7875.16,7703.48,343.36,,,,,8038.25,8630.54,8334.4,592.29,7745.42,7745.42,7745.42,0.0,8786.28,8957.96,8872.12,171.68,8664.27,8832.27,8748.27,168.0,14495.83,15458.46,14977.15,962.63,13091.74,14330.28,13711.01,1238.54,0.057,0.064,0.061,0.01,0.077,0.084,0.081,0.01,2857.23,3114.75,2985.99,257.52,10997.26,11116.21,11056.74,118.95,10814.55,10980.09,10897.32,165.54,17473.23,18037.32,17755.28,564.09,15809.18,16353.64,16081.41,544.46,0.07,0.08,0.08,0.01,2857.23,3176.06,3016.64,318.83,9127.8,9587.65,9357.73,459.85,9053.61,9351.6,9202.6,297.99,13801.15,14379.95,14090.55,578.8,12756.97,13112.59,12934.78,355.62
2025-06-05,10:09,7143.58,7266.53,7205.06,122.95,7303.42,7500.15,7401.78,196.73,6617.81,7244.57,6931.19,626.76,7498.96,7843.06,7671.01,344.1,,,,,8006.51,8600.08,8303.3,593.57,7715.25,7715.25,7715.25,0.0,8805.32,8969.99,8887.65,164.67,8683.04,8844.03,8763.53,160.99,14517.4,15482.12,14999.76,964.72,13120.11,14353.96,13737.03,1233.85,0.057,0.064,0.061,0.01,0.077,0.084,0.081,0.01,2863.42,3121.49,2992.46,258.07,11017.4,11136.6,11077.0,119.2,10834.29,11000.19,10917.24,165.9,17498.8,18064.11,17781.45,565.31,15843.42,16376.78,16110.1,533.36,0.07,0.08,0.08,0.01,2863.42,3182.94,3023.18,319.52,9147.57,9596.14,9371.86,448.57,9073.22,9359.57,9216.39,286.35,13827.36,14407.41,14117.39,580.05,12784.61,13141.0,12962.8,356.39
2025-06-06,10:09,7144.57,7267.54,7206.06,122.97,7304.44,7501.19,7402.81,196.75,6602.59,7229.65,6916.12,627.06,7490.31,7822.28,7656.3,331.97,,,,,7991.96,8585.82,8288.89,593.86,7702.04,7702.04,7702.04,0.0,8782.55,8947.31,8864.93,164.76,8660.82,8820.66,8740.74,159.84,14506.02,15471.2,14988.61,965.18,13126.49,14341.26,13733.87,1214.77,0.057,0.064,0.061,0.01,0.077,0.084,0.081,0.01,2864.81,3123.01,2993.91,258.2,10988.33,11110.05,11049.19,121.72,10805.13,10973.57,10889.35,168.44,17482.72,18048.3,17765.51,565.58,15826.54,16360.15,16093.35,533.61,0.07,0.08,0.08,0.01,2864.81,3184.49,3024.65,319.68,9140.34,9563.3,9351.82,422.96,9065.34,9327.23,9196.29,261.89,13819.33,14399.67,14109.5,580.34,12790.82,13147.39,12969.1,356.57
2025-06-07,10:08,7144.57,7267.54,7206.06,122.97,7304.44,7501.19,7402.81,196.75,6585.06,7212.21,6898.63,627.15,7479.05,7798.78,7638.91,319.73,,,,,7974.62,8568.57,8271.6,593.95,7683.8,7683.8,7683.8,0.0,8782.54,8947.32,8864.93,164.78,8660.8,8820.66,8740.73,159.86,14501.89,15467.2,14984.55,965.31,13128.31,14338.34,13733.32,1210.03,0.058,0.064,0.061,0.01,0.077,0.085,0.081,0.01,2865.21,3123.45,2994.33,258.24,10988.63,11110.37,11049.5,121.74,10805.4,10973.87,10889.64,168.47,17480.23,18045.89,17763.06,565.66,15823.82,16357.51,16090.66,533.69,0.07,0.08,0.08,0.01,2865.21,3184.93,3025.07,319.72,9139.15,9562.17,9350.66,423.02,9064.14,9326.07,9195.1,261.93,13821.25,14401.67,14111.46,580.42,12792.6,13149.21,12970.91,356.61
2025-06-08,10:25,7144.57,7267.54,7206.06,122.97,7304.44,7501.19,7402.81,196.75,6585.06,7212.21,6898.63,627.15,7479.05,7798.78,7638.91,319.73,,,,,7974.62,8568.57,8271.6,593.95,7683.8,7683.8,7683.8,0.0,8782.54,8947.32,8864.93,164.78,8660.8,8820.66,8740.73,159.86,14501.89,15467.2,14984.55,965.31,13128.31,14338.34,13733.32,1210.03,0.058,0.064,0.061,0.01,0.077,0.085,0.081,0.01,2865.21,3123.45,2994.33,258.24,10988.63,11110.37,11049.5,121.74,10805.4,10973.87,10889.64,168.47,17480.23,18045.89,17763.06,565.66,15823.82,16357.51,16090.66,533.69,0.07,0.08,0.08,0.01,2865.21,3184.93,3025.07,319.72,9139.15,9562.17,9350.66,423.02,9064.14,9326.07,9195.1,261.93,13821.25,14401.67,14111.46,580.42,12792.6,13149.21,12970.91,356.61
2025-06-09,10:23,7137.83,7260.58,7199.2,122.75,7303.54,7487.66,7395.6,184.12,6585.06,7212.21,6898.63,627.15,7479.05,7798.78,7638.91,319.73,,,,,7974.62,8568.57,8271.6,593.95,7683.8,7683.8,7683.8,0.0,8782.54,8947.32,8864.93,164.78,8660.8,8820.66,8740.73,159.86,14501.89,15467.2,14984.55,965.31,13128.31,14338.34,13733.32,1210.03,0.058,0.064,0.061,0.01,0.077,0.085,0.081,0.01,2865.21,3123.45,2994.33,258.24,10988.63,11110.37,11049.5,121.74,10805.4,10973.87,10889.64,168.47,17480.23,18045.89,17763.06,565.66,15823.82,16357.51,16090.66,533.69,0.07,0.08,0.08,0.01,2865.21,3184.93,3025.07,319.72,9139.15,9562.17,9350.66,423.02,9064.14,9326.07,9195.1,261.93,13821.25,14401.67,14111.46,580.42,12792.6,13149.21,12970.91,356.61
2025-06-10,10:18,7158.54,7281.44,7219.99,122.9,7336.74,7496.5,7416.62,159.76,6524.09,7150.1,6837.1,626.01,7414.01,7733.16,7573.59,319.15,,,,,7911.14,8500.34,8205.74,589.2,7621.09,7621.09,7621.09,0.0,8754.43,8918.91,8836.67,164.48,8632.91,8792.48,8712.69,159.57,14457.33,15420.9,14939.11,963.57,13104.64,14292.84,13698.74,1188.2,0.058,0.064,0.061,0.01,0.077,0.085,0.081,0.01,2860.04,3117.81,2988.93,257.77,10956.54,11068.24,11012.39,111.7,10773.64,10931.99,10852.81,158.35,17427.84,17992.48,17710.16,564.64,15774.42,16307.15,16040.78,532.73,0.07,0.08,0.08,0.01,2860.04,3179.19,3019.61,319.15,9110.4,9508.1,9309.25,397.7,9035.52,9272.43,9153.97,236.91,13790.19,14369.56,14079.87,579.37,12769.53,13125.5,12947.52,355.97
2025-06-11,10:17,7173.49,7296.32,7234.91,122.83,7357.74,7505.14,7431.44,147.4,6470.34,7097.1,6783.72,626.76,7361.32,7680.84,7521.08,319.52,,,,,7859.04,8448.92,8153.98,589.88,7564.71,7564.71,7564.71,0.0,8752.47,8924.52,8838.5,172.05,8630.81,8797.94,8714.37,167.13,14453.5,15418.21,14935.86,964.71,13120.11,14297.42,13708.76,1177.31,0.058,0.064,0.061,0.01,0.077,0.085,0.081,0.01,2863.42,3121.49,2992.46,258.07,10951.04,11075.16,11013.1,124.12,10774.07,10932.6,10853.34,158.53,17426.29,17991.6,17708.95,565.31,15770.92,16304.27,16037.6,533.35,0.07,0.08,0.08,0.01,2863.42,3182.94,3023.18,319.52,9108.86,9494.75,9301.81,385.89,9021.61,9271.08,9146.34,249.47,13801.55,14381.61,14091.58,580.06,12784.61,13141.0,12962.8,356.39
2025-06-12,10:16,7184.94,7307.65,7246.29,122.71,7375.14,7510.13,7442.64,134.99,6430.35,7056.8,6743.57,626.45,7320.89,7640.26,7480.58,319.37,,,,,7818.37,8407.97,8113.17,589.6,7524.18,7524.18,7524.18,0.0,8740.85,8917.73,8829.29,176.88,8619.24,8791.21,8705.23,171.97,14434.19,15398.44,14916.32,964.25,13113.73,14285.57,13699.65,1171.84,0.058,0.064,0.061,0.01,0.077,0.085,0.081,0.01,2862.03,3119.98,2991.0,257.95,10935.89,11064.86,11000.38,128.97,10763.92,10917.46,10840.69,153.54,17400.63,17965.66,17683.15,565.03,15750.97,16284.07,16017.52,533.1,0.07,0.08,0.08,0.01,2862.03,3181.39,3021.71,319.36,9092.15,9477.85,9285.0,385.7,8998.8,9260.44,9129.62,261.64,13794.84,14374.62,14084.73,579.78,12778.4,13134.61,12956.5,356.21
2025-06-13,10:17,7196.91,7319.83,7258.37,122.92,7387.44,7522.65,7455.04,135.21,6381.15,7007.0,6694.08,625.85,7270.84,7589.89,7430.36,319.05,,,,,7767.83,8356.86,8062.34,589.03,7473.56,7473.56,7473.56,0.0,8732.37,8909.07,8820.72,176.7,8610.88,8782.68,8696.78,171.8,14395.64,15371.22,14883.43,975.58,13088.73,14247.16,13667.94,1158.43,0.058,0.064,0.061,0.01,0.077,0.085,0.081,0.01,2859.25,3116.95,2988.1,257.7,10925.27,11054.12,10989.7,128.85,10753.47,10906.87,10830.17,153.4,17346.92,17935.95,17641.44,589.03,15698.87,16255.99,15977.43,557.12,0.07,0.08,0.08,0.01,2859.25,3178.31,3018.78,319.06,9083.33,9468.65,9275.99,385.32,8990.07,9251.45,9120.76,261.38,13775.32,14374.17,14074.74,598.85,12729.18,13170.95,12950.06,441.77
2025-06-14,10:07,7196.91,7319.83,7258.37,122.92,7387.44,7522.65,7455.04,135.21,6361.06,6987.95,6674.51,626.89,7270.66,7553.38,7412.02,282.72,,,,,7750.05,8340.06,8045.05,590.01,7451.11,7451.11,7451.11,0.0,8745.69,8922.69,8834.19,177.0,8625.23,8797.32,8711.27,172.09,14411.03,15388.24,14899.63,977.21,13110.55,14263.53,13687.04,1152.98,0.058,0.064,0.061,0.01,0.077,0.085,0.081,0.01,2864.01,3122.14,2993.08,258.13,10945.94,11070.09,11008.02,124.15,10773.86,10922.59,10848.22,148.73,17367.23,17957.25,17662.24,590.02,15716.43,16274.48,15995.46,558.05,0.07,0.08,0.08,0.01,2864.01,3183.6,3023.81,319.59,9098.47,9481.98,9290.22,383.51,9007.51,9264.41,9135.96,256.9,13797.05,14396.89,14096.97,599.84,12747.94,13192.9,12970.42,444.96
2025-06-15,10:28,7196.91,7319.83,7258.37,122.92,7387.44,7522.65,7455.04,135.21,6361.06,6987.95,6674.51,626.89,7270.66,7553.38,7412.02,282.72,,,,,7750.05,8340.06,8045.05,590.01,7451.11,7451.11,7451.11,0.0,8745.69,8922.69,8834.19,177.0,8625.23,8797.32,8711.27,172.09,14411.03,15388.24,14899.63,977.21,13110.55,14263.53,13687.04,1152.98,0.058,0.064,0.061,0.01,0.077,0.085,0.081,0.01,2864.01,3122.14,2993.08,258.13,10945.94,11070.09,11008.02,124.15,10773.86,10922.59,10848.22,148.73,17367.23,17957.25,17662.24,590.02,15716.43,16274.48,15995.46,558.05,0.07,0.08,0.08,0.01,2864.01,3183.6,3023.81,319.59,9098.47,9481.98,9290.22,383.51,9007.51,9264.41,9135.96,256.9,13797.05,14396.89,14096.97,599.84,12747.94,13192.9,12970.42,444.96
2025-06-16,10:21,7176.48,7299.36,7237.92,122.88,7373.1,7495.98,7434.54,122.88,6361.06,6987.95,6674.51,626.89,7270.66,7553.38,7412.02,282.72,,,,,7750.05,8340.06,8045.05,590.01,7451.11,7451.11,7451.11,0.0,8745.69,8922.69,8834.19,177.0,8625.23,8797.32,8711.27,172.09,14411.03,15388.24,14899.63,977.21,13110.55,14263.53,13687.04,1152.98,0.058,0.064,0.061,0.01,0.077,0.085,0.081,0.01,2864.01,3122.14,2993.08,258.13,10945.94,11070.09,11008.02,124.15,10773.86,10922.59,10848.22,148.73,17367.23,17957.25,17662.24,590.02,15716.43,16274.48,15995.46,558.05,0.07,0.08,0.08,0.01,2864.01,3183.6,3023.81,319.59,9098.47,9481.98,9290.22,383.51,9007.51,9264.41,9135.96,256.9,13797.05,14396.89,14096.97,599.84,12747.94,13192.9,12970.42,444.96
2025-06-17,10:33,7172.33,7295.25,7233.79,122.92,7362.85,7498.06,7430.46,135.21,6316.28,6943.0,6629.64,626.72,7225.63,7508.27,7366.95,282.64,,,,,7704.88,8294.73,7999.81,589.85,7406.03,7406.03,7406.03,0.0,8738.35,8915.3,8826.82,176.95,8617.92,8789.96,8703.94,172.04,14386.14,15370.45,14878.29,984.31,13106.91,14244.82,13675.86,1137.91,0.058,0.064,0.061,0.01,0.077,0.085,0.081,0.01,2863.22,3108.99,2986.1,245.77,10936.76,11060.87,10998.81,124.11,10770.86,10907.27,10839.06,136.41,17341.52,17938.74,17640.13,597.22,15691.18,16256.45,15973.81,565.27,0.07,0.08,0.08,0.01,2863.22,3170.43,3016.82,307.21,9095.94,9459.68,9277.81,363.74,9005.01,9252.01,9128.51,247.0,13776.01,14383.07,14079.54,607.06,12735.79,13188.01,12961.9,452.22
2025-06-18,10:17,7164.37,7287.15,7225.76,122.78,7354.68,7489.74,7422.21,135.06,6283.62,6910.51,6597.07,626.89,7207.97,7461.19,7334.58,253.22,,,,,7672.61,8262.62,7967.61,590.01,7373.55,7373.55,7373.55,0.0,8728.48,8917.78,8823.13,189.3,8608.02,8804.69,8706.36,196.67,14359.4,15356.28,14857.84,996.88,13110.55,14229.11,13669.83,1118.56,0.058,0.064,0.061,0.01,0.077,0.085,0.081,0.01,2864.01,3109.85,2986.93,245.84,10915.21,11051.65,10983.43,136.44,10749.27,10898.0,10823.64,148.73,17309.46,17919.14,17614.3,609.68,15658.66,16236.38,15947.52,577.72,0.07,0.08,0.08,0.01,2864.01,3171.31,3017.66,307.3,9073.88,9437.73,9255.81,363.85,8982.92,9242.28,9112.6,259.36,13755.26,14374.77,14065.01,619.51,12714.75,13179.38,12947.06,464.63
2025-06-19,10:18,7159.9,7282.6,7221.25,122.7,7350.09,7485.07,7417.58,134.98,6245.95,6872.14,6559.05,626.19,7169.28,7422.21,7295.74,252.93,,,,,7633.4,8222.75,7928.07,589.35,7335.4,7335.4,7335.4,0.0,8717.57,8887.01,8802.29,169.44,8598.47,8794.92,8696.69,196.45,14312.77,15328.18,14820.48,1015.41,13095.99,14191.22,13643.6,1095.23,0.058,0.064,0.061,0.01,0.077,0.085,0.081,0.01,2860.84,3106.4,2983.62,245.56,10890.82,11029.56,10960.19,138.74,10725.06,10876.08,10800.57,151.02,17259.55,17885.74,17572.65,626.19,15610.58,16204.85,15907.72,594.27,0.07,0.08,0.08,0.01,2860.84,3167.79,3014.31,306.95,9051.53,9402.69,9227.11,351.16,8963.13,9209.92,9086.53,246.79,13722.8,14348.99,14035.9,626.19,12683.44,13154.93,12919.19,471.49
2025-06-20,10:17,7168.17,7291.13,7229.65,122.96,7352.6,7500.15,7426.37,147.55,6211.38,6837.18,6524.28,625.8,7140.26,7380.77,7260.51,240.51,,,,,7597.96,8186.95,7892.45,588.99,7295.36,7295.36,7295.36,0.0,8712.13,8881.46,8796.79,169.33,8593.1,8789.43,8691.27,196.33,14284.21,15306.35,14795.28,1022.14,13087.82,14165.18,13626.5,1077.36,0.058,0.064,0.061,0.01,0.077,0.085,0.081,0.01,2859.05,3104.46,2981.76,245.41,10877.89,11028.82,10953.35,150.93,10712.23,10875.43,10793.83,163.2,17224.24,17864.77,17544.5,640.53,15583.66,16211.92,15897.79,628.26,0.07,0.08,0.08,0.01,2859.05,3165.82,3012.43,306.77,9045.89,9374.74,9210.31,328.85,8957.54,9204.18,9080.86,246.64,13699.51,14332.68,14016.09,633.17,12664.49,13143.04,12903.76,478.55
2025-06-21,10:10,7168.17,7291.13,7229.65,122.96,7352.6,7500.15,7426.37,147.55,6205.45,6832.51,6518.98,627.06,7136.2,7377.19,7256.7,240.99,,,,,7594.82,8185.0,7889.91,590.18,7287.07,7287.07,7287.07,0.0,8729.68,8899.35,8814.52,169.67,8606.72,8810.83,8708.78,204.11,14263.8,15312.59,14788.2,1048.79,13101.89,14156.83,13629.36,1054.94,0.058,0.064,0.061,0.01,0.077,0.085,0.081,0.01,2864.81,3110.72,2987.76,245.91,10862.92,11038.74,10950.83,175.82,10696.93,10885.05,10790.99,188.12,17209.76,17863.87,17536.82,654.11,15578.17,16269.17,15923.67,691.0,0.07,0.08,0.08,0.01,2864.81,3172.19,3018.5,307.38,9051.82,9356.74,9204.28,304.92,8938.7,9210.43,9074.56,271.73,13677.93,14336.96,14007.44,659.03,12653.12,13157.22,12905.17,504.1
2025-06-22,10:27,7168.17,7291.13,7229.65,122.96,7352.6,7500.15,7426.37,147.55,6205.45,6832.51,6518.98,627.06,7136.2,7377.19,7256.7,240.99,,,,,7594.82,8185.0,7889.91,590.18,7287.07,7287.07,7287.07,0.0,8729.68,8899.35,8814.52,169.67,8606.72,8810.83,8708.78,204.11,14263.8,15312.59,14788.2,1048.79,13101.89,14156.83,13629.36,1054.94,0.058,0.064,0.061,0.01,0.077,0.085,0.081,0.01,2864.81,3110.72,2987.76,245.91,10862.92,11038.74,10950.83,175.82,10696.93,10885.05,10790.99,188.12,17209.76,17863.87,17536.82,654.11,15578.17,16269.17,15923.67,691.0,0.07,0.08,0.08,0.01,2864.81,3172.19,3018.5,307.38,9051.82,9356.74,9204.28,304.92,8938.7,9210.43,9074.56,271.73,13677.93,14336.96,14007.44,659.03,12653.12,13157.22,12905.17,504.1
2025-06-23,10:26,7107.41,7230.27,7168.84,122.86,7285.56,7445.28,7365.42,159.72,6205.45,6832.51,6518.98,627.06,7136.2,7377.19,7256.7,240.99,,,,,7594.82,8185.0,7889.91,590.18,7287.07,7287.07,7287.07,0.0,8729.68,8899.35,8814.52,169.67,8606.72,8810.83,8708.78,204.11,14263.8,15312.59,14788.2,1048.79,13101.89,14156.83,13629.36,1054.94,0.058,0.064,0.061,0.01,0.077,0.085,0.081,0.01,2864.81,3110.72,2987.76,245.91,10862.92,11038.74,10950.83,175.82,10696.93,10885.05,10790.99,188.12,17209.76,17863.87,17536.82,654.11,15578.17,16269.17,15923.67,691.0,0.07,0.08,0.08,0.01,2864.81,3172.19,3018.5,307.38,9051.82,9356.74,9204.28,304.92,8938.7,9210.43,9074.56,271.73,13677.93,14336.96,14007.44,659.03,12653.12,13157.22,12905.17,504.1
2025-06-24,10:19,7109.66,7232.66,7171.16,123.0,7294.17,7441.77,7367.97,147.6,6170.0,6796.58,6483.29,626.58,7100.04,7340.84,7220.44,240.8,,,,,7558.31,8148.03,7853.17,589.72,7250.42,7250.42,7250.42,0.0,8735.3,8929.42,8832.36,194.12,8619.81,8853.24,8736.53,233.43,14265.2,15313.19,14789.19,1047.99,13104.18,14158.31,13631.24,1054.13,0.058,0.064,0.061,0.01,0.077,0.085,0.081,0.01,2862.62,3108.34,2985.48,245.72,10879.19,11104.03,10991.61,224.84,10713.33,10950.45,10831.89,237.12,17196.62,17879.72,17538.17,683.1,15566.28,16281.32,15923.8,715.04,0.07,0.08,0.08,0.01,2862.62,3169.77,3016.2,307.15,9069.48,9411.02,9240.25,341.54,8956.45,9264.82,9110.63,308.37,13679.77,14362.87,14021.32,683.1,12643.45,13184.03,12913.74,540.58
2025-06-25,10:20,7154.52,7277.66,7216.09,123.14,7351.54,7474.68,7413.11,123.14,6152.68,6780.01,6466.35,627.33,7096.13,7312.62,7204.37,216.49,,,,,7542.63,8133.06,7837.85,590.43,7228.36,7228.36,7228.36,0.0,8760.38,8959.65,8860.01,199.27,8644.76,8883.38,8764.07,238.62,14294.35,15318.98,14806.66,1024.63,13131.96,14162.74,13647.35,1030.78,0.058,0.064,0.061,0.01,0.077,0.085,0.081,0.01,2866.0,3112.01,2989.01,246.01,10904.35,11146.67,11025.51,242.32,10738.29,10992.91,10865.6,254.62,17216.94,17903.3,17560.12,686.36,15584.67,16303.01,15943.84,718.34,0.07,0.08,0.08,0.01,2866.0,3173.52,3019.76,307.52,9102.33,9456.58,9279.46,354.25,8985.48,9313.9,9149.69,328.42,13695.93,14392.14,14044.04,696.21,12660.85,13209.45,12935.15,548.6
2025-06-26,10:19,7200.77,7323.86,7262.31,123.09,7385.4,7533.11,7459.26,147.71,6159.53,6738.3,6448.92,578.77,7067.09,7283.81,7175.45,216.72,,,,,7514.09,8105.17,7809.63,591.08,7199.34,7199.34,7199.34,0.0,8770.13,8969.62,8869.88,199.49,8654.38,8893.27,8773.83,238.89,14297.95,15331.11,14814.53,1033.16,13158.89,14166.19,13662.54,1007.3,0.058,0.064,0.061,0.01,0.077,0.085,0.081,0.01,2869.19,3115.48,2992.34,246.29,10916.49,11159.07,11037.78,242.58,10750.25,11005.15,10877.7,254.9,17223.79,17918.31,17571.05,694.52,15589.7,16316.24,15952.97,726.54,0.07,0.08,0.08,0.01,2869.19,3177.05,3023.12,307.86,9112.46,9467.11,9289.79,354.65,8995.48,9324.27,9159.87,328.79,13711.18,14420.47,14065.83,709.29,12674.95,13236.47,12955.71,561.52
2025-06-27,10:19,7271.5,7394.64,7333.07,123.14,7437.74,7622.45,7530.1,184.71,6154.5,6713.33,6433.92,558.83,7039.52,7256.16,7147.84,216.64,,,,,7486.34,8077.17,7781.75,590.83,7167.04,7167.04,7167.04,0.0,8768.93,8968.34,8868.64,199.41,8653.23,8892.02,8772.63,238.79,14291.98,15312.4,14802.19,1020.42,13147.25,14154.12,13650.68,1006.87,0.058,0.064,0.061,0.01,0.077,0.085,0.081,0.01,2868.0,3114.18,2991.09,246.18,10914.39,11156.88,11035.64,242.49,10748.22,11003.02,10875.62,254.8,17204.29,17908.37,17556.33,704.08,15570.89,16306.97,15938.93,736.08,0.07,0.08,0.08,0.01,2868.0,3175.72,3021.86,307.72,9120.97,9475.47,9298.22,354.5,9016.34,9344.99,9180.67,328.65,13705.46,14439.08,14072.27,733.62,12669.66,13255.57,12962.61,585.91
2025-06-28,10:08,7271.5,7394.64,7333.07,123.14,7437.74,7622.45,7530.1,184.71,6157.07,6703.82,6430.44,546.75,7030.14,7246.87,7138.51,216.73,,,,,7477.15,8068.23,7772.69,591.08,7150.82,7150.82,7150.82,0.0,8766.44,8978.24,8872.34,211.8,8650.68,8901.89,8776.29,251.21,14297.95,15313.87,14805.91,1015.92,13150.27,14157.57,13653.92,1007.3,0.058,0.064,0.061,0.01,0.077,0.085,0.081,0.01,2869.19,3115.48,2992.34,246.29,10918.95,11161.54,11040.24,242.59,10752.71,11007.61,10880.16,254.9,17207.78,17912.15,17559.97,704.37,15573.69,16310.08,15941.89,736.39,0.07,0.08,0.08,0.01,2869.19,3177.05,3023.12,307.86,9124.78,9479.43,9302.1,354.65,9020.11,9361.21,9190.66,341.1,13727.19,14461.11,14094.15,733.92,12674.95,13285.73,12980.34,610.78
2025-06-29,10:30,7271.5,7394.64,7333.07,123.14,7437.74,7622.45,7530.1,184.71,6157.07,6703.82,6430.44,546.75,7030.14,7246.87,7138.51,216.73,,,,,7477.15,8068.23,7772.69,591.08,7150.82,7150.82,7150.82,0.0,8766.44,8978.24,8872.34,211.8,8650.68,8901.89,8776.29,251.21,14297.95,15313.87,14805.91,1015.92,13150.27,14157.57,13653.92,1007.3,0.058,0.064,0.061,0.01,0.077,0.085,0.081,0.01,2869.19,3115.48,2992.34,246.29,10918.95,11161.54,11040.24,242.59,10752.71,11007.61,10880.16,254.9,17207.78,17912.15,17559.97,704.37,15573.69,16310.08,15941.89,736.39,0.07,0.08,0.08,0.01,2869.19,3177.05,3023.12,307.86,9124.78,9479.43,9302.1,354.65,9020.11,9361.21,9190.66,341.1,13727.19,14461.11,14094.15,733.92,12674.95,13285.73,12980.34,610.78
2025-06-30,10:24,7294.03,7417.24,7355.64,123.21,7454.2,7651.34,7552.77,197.14,6157.07,6703.82,6430.44,546.75,7030.14,7246.87,7138.51,216.73,,,,,7477.15,8068.23,7772.69,591.08,7150.82,7150.82,7150.82,0.0,8766.44,8978.24,8872.34,211.8,8650.68,8901.89,8776.29,251.21,14297.95,15313.87,14805.91,1015.92,13150.27,14157.57,13653.92,1007.3,0.058,0.064,0.061,0.01,0.077,0.085,0.081,0.01,2869.19,3115.48,2992.34,246.29,10918.95,11161.54,11040.24,242.59,10752.71,11007.61,10880.16,254.9,17207.78,17912.15,17559.97,704.37,15573.69,16310.08,15941.89,736.39,0.07,0.08,0.08,0.01,2869.19,3177.05,3023.12,307.86,9124.78,9479.43,9302.1,354.65,9020.11,9361.21,9190.66,341.1,13727.19,14461.11,14094.15,733.92,12674.95,13285.73,12980.34,610.78
2025-07-01,10:31,7302.67,7426.03,7364.35,123.36,7463.04,7660.41,7561.72,197.37,6160.5,6682.91,6421.7,522.41,7027.9,7220.11,7124.0,192.21,,,,,7462.83,8054.24,7758.53,591.41,7138.66,7138.66,7138.66,0.0,8771.32,8988.17,8879.74,216.85,8655.5,8911.78,8783.64,256.28,14300.98,15317.47,14809.23,1016.49,13152.67,14160.52,13656.6,1007.85,0.058,0.064,0.061,0.01,0.077,0.085,0.081,0.01,2870.79,3117.21,2994.0,246.42,10925.03,11167.75,11046.39,242.72,10758.7,11013.74,10886.22,255.04,17211.2,17915.96,17563.58,704.76,15576.21,16313.0,15944.6,736.79,0.07,0.08,0.08,0.01,2870.79,3178.82,3024.8,308.03,9129.86,9484.71,9307.28,354.85,9025.13,9366.42,9195.78,341.29,13734.83,14469.17,14102.0,734.34,12669.68,13305.45,12987.57,635.77
2025-07-02,10:19,7335.11,7458.29,7396.7,123.18,7501.4,7686.16,7593.78,184.76,6167.8,6678.49,6423.15,510.69,7030.06,7210.16,7120.11,180.1,,,,,7459.34,8051.44,7755.39,592.1,7137.13,7137.13,7137.13,0.0,8781.71,9003.75,8892.73,222.04,8665.76,8927.27,8796.51,261.51,14315.46,15333.15,14824.3,1017.69,13168.25,14177.3,13672.78,1009.05,0.058,0.064,0.061,0.01,0.077,0.085,0.081,0.01,2874.19,3120.91,2997.55,246.72,10937.97,11180.99,11059.48,243.02,10771.44,11026.79,10899.12,255.35,17229.13,17934.72,17581.93,705.59,15594.66,16332.33,15963.5,737.67,0.07,0.08,0.08,0.01,2874.19,3182.58,3028.39,308.39,9140.68,9495.94,9318.31,355.26,9035.83,9377.52,9206.67,341.69,13751.11,14486.31,14118.71,735.2,12678.53,13327.38,13002.95,648.85
2025-07-03,10:20,7390.54,7513.72,7452.13,123.18,7538.35,7760.07,7649.21,221.72,6158.78,6668.73,6413.76,509.95,7019.78,7187.3,7103.54,167.52,,,,,7442.28,8033.52,7737.9,591.24,7115.98,7115.98,7115.98,0.0,8768.88,8990.59,8879.74,221.71,8653.09,8914.22,8783.66,261.13,14293.31,15309.51,14801.41,1016.2,13149.01,14156.58,13652.79,1007.57,0.058,0.064,0.061,0.01,0.077,0.085,0.081,0.01,2869.99,3128.66,2999.33,258.67,10921.99,11164.64,11043.32,242.65,10755.7,11010.68,10883.19,254.98,17202.72,17907.28,17555.0,704.56,15571.87,16308.46,15940.17,736.59,0.07,0.08,0.08,0.01,2869.99,3190.25,3030.12,320.26,9129.78,9484.53,9307.16,354.75,9025.08,9366.28,9195.68,341.2,13731.01,14465.14,14098.07,734.13,12660.0,13307.9,12983.95,647.9
2025-07-04,10:18,7413.11,7536.25,7474.68,123.14,7548.57,7794.85,7671.71,246.28,6158.78,6656.41,6407.6,497.63,7013.62,7181.14,7097.38,167.52,,,,,7436.12,8027.36,7731.74,591.24,7106.01,7106.01,7106.01,0.0,8768.88,8990.59,8879.74,221.71,8653.09,8914.22,8783.66,261.13,14293.31,15309.51,14801.41,1016.2,13157.63,14165.2,13661.42,1007.57,0.058,0.064,0.061,0.01,0.077,0.085,0.081,0.01,2869.99,3128.66,2999.33,258.67,10921.99,11164.64,11043.32,242.65,10755.7,11010.68,10883.19,254.98,17202.72,17907.28,17555.0,704.56,15584.19,16320.78,15952.48,736.59,0.07,0.08,0.08,0.01,2869.99,3190.25,3030.12,320.26,9129.78,9484.53,9307.16,354.75,9068.19,9409.39,9238.79,341.2,13737.17,14471.3,14104.23,734.13,12660.0,13320.22,12990.11,660.22
2025-07-05,10:08,7413.11,7536.25,7474.68,123.14,7548.57,7794.85,7671.71,246.28,6157.07,6654.56,6405.82,497.49,7011.67,7166.83,7089.25,155.16,,,,,7427.89,8018.97,7723.43,591.08,7095.16,7095.16,7095.16,0.0,8765.21,8986.86,8876.03,221.65,8649.45,8910.51,8779.98,261.06,14289.33,15305.25,14797.29,1015.92,13156.43,14163.73,13660.08,1007.3,0.058,0.064,0.061,0.01,0.077,0.085,0.081,0.01,2869.19,3127.79,2998.49,258.6,10917.72,11160.31,11039.01,242.59,10751.48,11006.38,10878.93,254.9,17212.71,17917.08,17564.89,704.37,15604.48,16340.87,15972.67,736.39,0.07,0.08,0.08,0.01,2869.19,3189.36,3029.28,320.17,9127.24,9481.89,9304.57,354.65,9065.67,9419.09,9242.38,353.42,13739.5,14473.43,14106.46,733.93,12656.47,13328.83,12992.65,672.36
2025-07-06,10:29,7413.11,7536.25,7474.68,123.14,7548.57,7794.85,7671.71,246.28,6157.07,6654.56,6405.82,497.49,7011.67,7166.83,7089.25,155.16,,,,,7427.89,8018.97,7723.43,591.08,7095.16,7095.16,7095.16,0.0,8765.21,8986.86,8876.03,221.65,8649.45,8910.51,8779.98,261.06,14289.33,15305.25,14797.29,1015.92,13156.43,14163.73,13660.08,1007.3,0.058,0.064,0.061,0.01,0.077,0.085,0.081,0.01,2869.19,3127.79,2998.49,258.6,10917.72,11160.31,11039.01,242.59,10751.48,11006.38,10878.93,254.9,17212.71,17917.08,17564.89,704.37,15604.48,16340.87,15972.67,736.39,0.07,0.08,0.08,0.01,2869.19,3189.36,3029.28,320.17,9127.24,9481.89,9304.57,354.65,9065.67,9419.09,9242.38,353.42,13739.5,14473.43,14106.46,733.93,12656.47,13328.83,12992.65,672.36
2025-07-07,10:25,7445.45,7568.62,7507.04,123.17,7599.41,7808.8,7704.1,209.39,6157.07,6654.56,6405.82,497.49,7011.67,7166.83,7089.25,155.16,,,,,7427.89,8018.97,7723.43,591.08,7095.16,7095.16,7095.16,0.0,8765.21,8986.86,8876.03,221.65,8649.45,8910.51,8779.98,261.06,14289.33,15305.25,14797.29,1015.92,13156.43,14163.73,13660.08,1007.3,0.058,0.064,0.061,0.01,0.077,0.085,0.081,0.01,2869.19,3127.79,2998.49,258.6,10917.72,11160.31,11039.01,242.59,10751.48,11006.38,10878.93,254.9,17212.71,17917.08,17564.89,704.37,15604.48,16340.87,15972.67,736.39,0.07,0.08,0.08,0.01,2869.19,3189.36,3029.28,320.17,9127.24,9481.89,9304.57,354.65,9065.67,9419.09,9242.38,353.42,13739.5,14473.43,14106.46,733.93,12656.47,13328.83,12992.65,672.36
2025-07-08,10:20,7478.67,7601.68,7540.18,123.01,7638.58,7835.39,7736.98,196.81,6158.36,6655.95,6407.15,497.59,7006.98,7162.17,7084.57,155.19,,,,,7423.28,8014.48,7718.88,591.2,7090.48,7090.48,7090.48,0.0,8774.43,8988.74,8881.58,214.31,8658.65,8912.37,8785.51,253.72,14303.4,15319.53,14811.46,1016.13,13170.26,14177.77,13674.01,1007.51,0.058,0.064,0.061,0.01,0.077,0.085,0.081,0.01,2869.79,3128.44,2999.12,258.65,10932.31,11174.95,11053.63,242.64,10766.04,11020.99,10893.52,254.95,17231.08,17935.6,17583.34,704.52,15669.32,16368.91,16019.12,699.59,0.07,0.08,0.08,0.01,2869.79,3190.03,3029.91,320.24,9147.62,9502.34,9324.98,354.72,9092.2,9433.37,9262.78,341.17,13773.16,14507.24,14140.2,734.08,12659.12,13393.19,13026.15,734.07
2025-07-09,10:22,7526.31,7649.28,7587.79,122.97,7673.88,7895.24,7784.56,221.36,6150.22,6634.86,6392.54,484.64,6997.73,7140.41,7069.07,142.68,,,,,7407.33,7997.75,7702.54,590.42,7074.48,7074.48,7074.48,0.0,8762.84,8976.87,8869.85,214.03,8659.52,8888.3,8773.91,228.78,14284.51,15299.3,14791.9,1014.79,13165.17,14146.75,13655.96,981.58,0.058,0.064,0.061,0.01,0.077,0.085,0.081,0.01,2866.0,3124.31,2995.16,258.31,10917.88,11160.2,11039.04,242.32,10751.82,11006.44,10879.13,254.62,17208.33,17911.91,17560.12,703.58,15660.93,16359.6,16010.26,698.67,0.07,0.08,0.08,0.01,2866.0,3185.82,3025.91,319.82,9147.84,9477.5,9312.67,329.66,9092.49,9408.61,9250.55,316.12,13767.28,14500.38,14133.83,733.1,12642.4,13400.11,13021.26,757.71
2025-07-10,10:22,7565.67,7688.59,7627.13,122.92,7694.73,7952.86,7823.8,258.13,6148.94,6633.48,6391.21,484.54,6990.12,7132.77,7061.45,142.65,,,,,7399.64,7989.94,7694.79,590.3,7066.73,7066.73,7066.73,0.0,8761.01,8975.0,8868.0,213.99,8657.71,8886.45,8772.08,228.74,14281.53,15296.11,14788.82,1014.58,13162.43,14143.8,13653.11,981.37,0.058,0.064,0.061,0.01,0.077,0.085,0.081,0.01,2865.41,3135.96,3000.68,270.55,10915.6,11157.87,11036.74,242.27,10749.58,11004.15,10876.86,254.57,17207.2,17910.64,17558.92,703.44,15663.82,16362.34,16013.08,698.52,0.07,0.08,0.08,0.01,2877.7,3185.15,3031.43,307.45,9145.94,9475.52,9310.73,329.58,9090.6,9406.65,9248.62,316.05,13770.56,14503.51,14137.03,732.95,12639.77,13421.91,13030.84,782.14
2025-07-11,10:24,7575.86,7698.74,7637.3,122.88,7717.17,7950.65,7833.91,233.48,6145.95,6630.25,6388.1,484.3,6986.72,7129.31,7058.01,142.59,,,,,7396.04,7986.05,7691.05,590.01,7059.0,7059.0,7059.0,0.0,8756.75,8980.47,8868.61,223.72,8653.5,8891.96,8772.73,238.46,14278.28,15292.36,14785.32,1014.08,13159.71,14140.61,13650.16,980.9,0.058,0.064,0.061,0.01,0.077,0.085,0.081,0.01,2864.01,3134.44,2999.22,270.43,10910.3,11164.74,11037.52,254.44,10751.73,11006.17,10878.95,254.44,17207.44,17910.54,17558.99,703.1,15664.8,16362.98,16013.9,698.18,0.07,0.08,0.08,0.01,2876.31,3183.6,3029.95,307.29,9153.78,9470.91,9312.35,317.13,9098.47,9414.37,9256.42,315.9,13781.07,14513.67,14147.37,732.6,12645.91,13437.51,13041.71,791.6
2025-07-12,10:25,7575.86,7698.74,7637.3,122.88,7717.17,7950.65,7833.91,233.48,6144.25,6628.41,6386.33,484.16,6984.78,7127.33,7056.05,142.55,,,,,7393.99,7983.83,7688.91,589.84,7055.07,7055.07,7055.07,0.0,8760.47,8984.12,8872.29,223.65,8663.39,8901.78,8782.59,238.39,14276.77,15290.57,14783.67,1013.8,13158.52,14139.14,13648.83,980.62,0.058,0.064,0.061,0.01,0.077,0.085,0.081,0.01,2863.22,3158.14,3010.68,294.92,10907.27,11161.64,11034.45,254.37,10748.74,11003.12,10875.93,254.38,17206.35,17909.25,17557.8,702.9,15667.83,16365.81,16016.82,697.98,0.07,0.08,0.08,0.01,2875.51,3207.3,3041.4,331.79,9163.53,9480.57,9322.05,317.04,9120.52,9411.76,9266.14,291.24,13784.62,14517.01,14150.81,732.39,12649.77,13441.15,13045.46,791.38
2025-07-13,10:33,7575.86,7698.74,7637.3,122.88,7717.17,7950.65,7833.91,233.48,6144.25,6628.41,6386.33,484.16,6984.78,7127.33,7056.05,142.55,,,,,7393.99,7983.83,7688.91,589.84,7055.07,7055.07,7055.07,0.0,8760.47,8984.12,8872.29,223.65,8663.39,8901.78,8782.59,238.39,14276.77,15290.57,14783.67,1013.8,13158.52,14139.14,13648.83,980.62,0.058,0.064,0.061,0.01,0.077,0.085,0.081,0.01,2863.22,3158.14,3010.68,294.92,10907.27,11161.64,11034.45,254.37,10748.74,11003.12,10875.93,254.38,17206.35,17909.25,17557.8,702.9,15667.83,16365.81,16016.82,697.98,0.07,0.08,0.08,0.01,2875.51,3207.3,3041.4,331.79,9163.53,9480.57,9322.05,317.04,9120.52,9411.76,9266.14,291.24,13784.62,14517.01,14150.81,732.39,12649.77,13441.15,13045.46,791.38
2025-07-14,10:29,7704.1,7827.27,7765.69,123.17,7821.11,8104.4,7962.75,283.29,6144.25,6628.41,6386.33,484.16,6984.78,7127.33,7056.05,142.55,,,,,7393.99,7983.83,7688.91,589.84,7055.07,7055.07,7055.07,0.0,8760.47,8984.12,8872.29,223.65,8663.39,8901.78,8782.59,238.39,14276.77,15290.57,14783.67,1013.8,13158.52,14139.14,13648.83,980.62,0.058,0.064,0.061,0.01,0.077,0.085,0.081,0.01,2863.22,3158.14,3010.68,294.92,10907.27,11161.64,11034.45,254.37,10748.74,11003.12,10875.93,254.38,17206.35,17909.25,17557.8,702.9,15667.83,16365.81,16016.82,697.98,0.07,0.08,0.08,0.01,2875.51,3207.3,3041.4,331.79,9163.53,9480.57,9322.05,317.04,9120.52,9411.76,9266.14,291.24,13784.62,14517.01,14150.81,732.39,12649.77,13441.15,13045.46,791.38
2025-07-15,10:28,7728.98,7852.05,7790.52,123.07,7852.05,8122.81,7987.43,270.76,6158.36,6643.63,6401.0,485.27,7000.82,7143.69,7072.26,142.87,,,,,7410.97,8002.17,7706.57,591.2,7074.72,7074.72,7074.72,0.0,8780.58,9004.75,8892.67,224.17,8683.28,8922.23,8802.75,238.95,14309.56,15325.68,14817.62,1016.12,13188.74,14171.61,13680.17,982.87,0.058,0.064,0.061,0.01,0.077,0.085,0.081,0.01,2869.79,3190.03,3029.91,320.24,10932.31,11187.27,11059.79,254.96,10773.43,11028.38,10900.91,254.95,17233.54,17962.69,17598.12,729.15,15728.44,16428.03,16078.24,699.59,0.07,0.08,0.08,0.01,2906.74,3214.66,3060.7,307.92,9184.57,9502.34,9343.46,317.77,9141.46,9433.37,9287.42,291.91,13840.91,14550.35,14195.63,709.44,12703.46,13496.65,13100.05,793.19
2025-07-16,10:25,7727.61,7850.56,7789.09,122.95,7856.71,8114.91,7985.81,258.2,6153.65,6638.55,6396.1,484.9,6995.46,7138.23,7066.85,142.77,,,,,7405.3,7996.05,7700.67,590.75,7065.12,7065.12,7065.12,0.0,8749.25,8973.25,8861.25,224.0,8664.33,8895.71,8780.02,231.38,14274.0,15289.35,14781.67,1015.35,13178.65,14136.15,13657.4,957.5,0.058,0.064,0.061,0.01,0.077,0.085,0.081,0.01,2867.6,3187.59,3027.59,319.99,10880.88,11135.64,11008.26,254.76,10740.57,10958.41,10849.49,217.84,17183.44,17924.34,17553.89,740.9,15716.41,16415.46,16065.94,699.05,0.07,0.08,0.08,0.01,2904.52,3212.2,3058.36,307.68,9177.55,9458.15,9317.85,280.6,9140.62,9388.0,9264.31,247.38,13819.24,14528.14,14173.69,708.9,12682.66,13475.25,13078.96,792.59
2025-07-17,10:26,7726.54,7849.47,7788.0,122.93,7855.62,8113.78,7984.7,258.16,6147.66,6632.1,6389.88,484.44,6988.66,7131.29,7059.97,142.63,,,,,7398.09,7988.27,7693.18,590.18,7048.78,7048.78,7048.78,0.0,8746.89,8970.67,8858.78,223.78,8662.05,8893.21,8777.63,231.16,14261.34,15275.71,14768.53,1014.37,13168.29,14122.41,13645.35,954.12,0.058,0.064,0.061,0.01,0.077,0.085,0.081,0.01,2864.81,3184.49,3024.65,319.68,10875.21,11129.72,11002.47,254.51,10735.05,10952.67,10843.86,217.62,17169.19,17909.37,17539.28,740.18,15706.04,16404.42,16055.23,698.38,0.07,0.08,0.08,0.01,2901.7,3209.08,3055.39,307.38,9168.62,9461.25,9314.94,292.63,9144.03,9391.17,9267.6,247.14,13809.49,14517.7,14163.6,708.21,12674.02,13465.84,13069.93,791.82
2025-07-18,10:27,7933.32,8056.23,7994.77,122.91,8050.08,8332.75,8191.42,282.67,6146.81,6631.18,6388.99,484.37,6987.69,7130.3,7058.99,142.61,,,,,7397.07,7987.16,7692.11,590.09,7048.79,7048.79,7048.79,0.0,8745.68,8969.42,8857.55,223.74,8660.85,8891.97,8776.41,231.12,14259.36,15273.59,14766.47,1014.23,13166.46,14120.44,13643.45,953.98,0.058,0.064,0.061,0.01,0.077,0.085,0.081,0.01,2864.41,3184.05,3024.23,319.64,10873.7,11128.18,11000.94,254.48,10733.55,10951.15,10842.35,217.6,17166.8,17906.88,17536.84,740.08,15703.86,16402.14,16053.0,698.28,0.07,0.08,0.08,0.01,2901.29,3208.63,3054.96,307.34,9167.35,9459.94,9313.64,292.59,9142.76,9389.86,9266.31,247.1,13807.57,14515.68,14161.63,708.11,12672.26,13463.97,13068.11,791.71
2025-07-19,10:21,7933.32,8056.23,7994.77,122.91,8050.08,8332.75,8191.42,282.67,6181.97,6666.2,6424.09,484.23,7010.33,7152.9,7081.61,142.57,,,,,7419.59,8009.52,7714.56,589.93,7075.34,7075.34,7075.34,0.0,8743.25,8966.93,8855.09,223.68,8658.44,8889.5,8773.97,231.06,14270.15,15269.34,14769.75,999.19,13177.55,14116.52,13647.04,938.97,0.058,0.064,0.061,0.01,0.077,0.085,0.081,0.01,2888.2,3207.74,3047.97,319.54,10870.68,11125.09,10997.88,254.41,10730.57,10948.11,10839.34,217.54,17162.03,17901.9,17531.97,739.87,15724.08,16422.16,16073.12,698.08,0.07,0.08,0.08,0.01,2925.07,3232.32,3078.69,307.25,9164.8,9457.31,9311.05,292.51,9140.22,9387.25,9263.74,247.03,13803.74,14511.65,14157.69,707.91,12717.9,13509.39,13113.64,791.49
2025-07-20,10:36,7933.32,8056.23,7994.77,122.91,8050.08,8332.75,8191.42,282.67,6181.97,6666.2,6424.09,484.23,7010.33,7152.9,7081.61,142.57,,,,,7419.59,8009.52,7714.56,589.93,7075.34,7075.34,7075.34,0.0,8743.25,8966.93,8855.09,223.68,8658.44,8889.5,8773.97,231.06,14270.15,15269.34,14769.75,999.19,13177.55,14116.52,13647.04,938.97,0.058,0.064,0.061,0.01,0.077,0.085,0.081,0.01,2888.2,3207.74,3047.97,319.54,10870.68,11125.09,10997.88,254.41,10730.57,10948.11,10839.34,217.54,17162.03,17901.9,17531.97,739.87,15724.08,16422.16,16073.12,698.08,0.07,0.08,0.08,0.01,2925.07,3232.32,3078.69,307.25,9164.8,9457.31,9311.05,292.51,9140.22,9387.25,9263.74,247.03,13803.74,14511.65,14157.69,707.91,12717.9,13509.39,13113.64,791.49
2025-07-21,10:33,8098.72,8221.71,8160.21,122.99,8240.16,8486.13,8363.14,245.97,6181.97,6666.2,6424.09,484.23,7010.33,7152.9,7081.61,142.57,,,,,7419.59,8009.52,7714.56,589.93,7075.34,7075.34,7075.34,0.0,8743.25,8966.93,8855.09,223.68,8658.44,8889.5,8773.97,231.06,14270.15,15269.34,14769.75,999.19,13177.55,14116.52,13647.04,938.97,0.058,0.064,0.061,0.01,0.077,0.085,0.081,0.01,2888.2,3207.74,3047.97,319.54,10870.68,11125.09,10997.88,254.41,10730.57,10948.11,10839.34,217.54,17162.03,17901.9,17531.97,739.87,15724.08,16422.16,16073.12,698.08,0.07,0.08,0.08,0.01,2925.07,3232.32,3078.69,307.25,9164.8,9457.31,9311.05,292.51,9140.22,9387.25,9263.74,247.03,13803.74,14511.65,14157.69,707.91,12717.9,13509.39,13113.64,791.49
2025-07-22,10:26,8242.02,8365.13,8303.58,123.11,8383.6,8629.81,8506.7,246.21,6260.06,6744.63,6502.34,484.57,7088.99,7231.66,7160.33,142.67,,,,,7498.54,8088.88,7793.71,590.34,7155.41,7155.41,7155.41,0.0,,,,,8664.46,8895.68,8780.07,231.22,14280.07,15279.95,14780.01,999.88,13207.62,14147.24,13677.43,939.62,0.058,0.064,0.061,0.01,0.077,0.085,0.081,0.01,2914.8,3209.97,3062.39,295.17,10878.23,11132.82,11005.53,254.59,10738.03,10955.72,10846.87,217.69,17173.96,17914.34,17544.15,740.38,15759.6,16458.17,16108.89,698.57,0.07,0.08,0.08,0.01,2951.7,3234.57,3093.13,282.87,9171.17,9463.88,9317.52,292.71,9146.57,9393.78,9270.17,247.21,13813.33,14521.74,14167.53,708.41,12763.63,13555.67,13159.65,792.04
2025-07-23,10:28,8409.97,8533.11,8471.54,123.14,8471.54,8877.88,8674.71,406.34,6327.71,6812.75,6570.23,485.04,7120.52,7337.19,7228.85,216.67,,,,,7567.4,8158.31,7862.85,590.91,7225.4,7225.4,7225.4,0.0,8761.54,8985.59,8873.56,224.05,8676.59,8908.03,8792.31,231.44,14318.59,15319.45,14819.02,1000.86,13257.41,14197.95,13727.68,940.54,0.058,0.064,0.061,0.01,0.077,0.085,0.081,0.01,2954.57,3237.72,3096.15,283.15,10893.75,11148.58,11021.17,254.83,10753.41,10971.31,10862.36,217.9,17215.3,17956.41,17585.86,741.11,15836.5,16535.75,16186.13,699.25,0.07,0.08,0.08,0.01,2991.5,3286.96,3139.23,295.46,9183.79,9476.79,9330.29,293.0,9159.17,9406.62,9282.89,247.45,13863.71,14572.81,14218.26,709.1,12812.99,13655.05,13234.02,842.06
